ID,PACOTE_ID,NOME_COMPANHIA,EMAIL,TELEFONE,PRECO,VOO_IDA_NUMERO,VOO_VOLTA_NUMERO,VOO_IDA_HORA,VOO_VOLTA_HORA,TIPO
48bbe9ad-892d-4aaf-a2a6-a193a6ea81c0,0018e0da-d903-4181-862b-0127bae799ea,FlyExpress,contato@flyexpress.com.br,(11) 98765-4321,350,EX1234,EX5678,08:00,10:30,TRANSLADO_AEREO
4fa9965e-9fa2-49a7-9653-d272d28c8415,00723f98-a7a7-42cf-ae53-aa2b449c86c6,Asas Azuis,sac@asasazuis.com,(21) 91234-5678,380,AA5678,AA1234,14:15,16:45,TRANSLADO_AEREO
f68ace75-a60c-47c9-95a4-56e5f988d643,009ce3cb-25bd-4ef5-ba13-391a2817c19e,Voe Rápido,atendimento@voerápido.com.br,(31) 95678-1234,320,VR9876,VR4321,19:00,21:30,TRANSLADO_AEREO
ba56e4c3-0674-495f-a503-8b2e1a52c85d,01a762e7-7548-4b6c-8962-2c53dd36cc85,Horizonte,suporte@horizonte.com.br,(41) 96543-8765,395,HZ1122,HZ3344,06:30,09:00,TRANSLADO_AEREO
47512ebb-d5e8-4649-b93b-11073e95dd7a,0263d1fc-b72e-4b18-8d7d-c6cbe8203853,Aero Brasil,contato@aerobrasil.com,(51) 97890-1234,310,AB7788,AB9900,11:45,14:15,TRANSLADO_AEREO
b311a539-18f9-4bd7-ae93-43b0b92ac7ec,02641de8-d3d7-40a8-86bf-2fb89754aafc,FlyExpress,contato@flyexpress.com.br,(11) 98765-4321,350,EX1234,EX5678,08:00,10:30,TRANSLADO_AEREO
09cc3774-d8d0-4a0a-8bd9-0d845fd6fd03,02c5f980-c9b7-4f39-8639-5d62935a7a60,Asas Azuis,sac@asasazuis.com,(21) 91234-5678,380,AA5678,AA1234,14:15,16:45,TRANSLADO_AEREO
fc29227f-a8a9-40cc-9f17-5a8c26006922,02f2684b-366e-4f8f-8e3f-fa17750a856c,Voe Rápido,atendimento@voerápido.com.br,(31) 95678-1234,320,VR9876,VR4321,19:00,21:30,TRANSLADO_AEREO
967bcdf8-b06e-4cb8-88ac-0c8bc3596f1a,0362ceb8-1482-4067-a5d9-1ce936a6eb45,Horizonte,suporte@horizonte.com.br,(41) 96543-8765,395,HZ1122,HZ3344,06:30,09:00,TRANSLADO_AEREO
c860f13c-f518-42bc-8e37-db72b5ae053b,03a15c95-a61d-4e30-9430-679cb502122a,Aero Brasil,contato@aerobrasil.com,(51) 97890-1234,310,AB7788,AB9900,11:45,14:15,TRANSLADO_AEREO
8cff0e9c-9f84-4cad-ad74-4edb9cd0c570,03a6ce05-141b-4a0c-82a0-0ab0b7320819,FlyExpress,contato@flyexpress.com.br,(11) 98765-4321,350,EX1234,EX5678,08:00,10:30,TRANSLADO_AEREO
21418076-8abe-4e5e-bde9-31aec4b6b1ed,051c09b9-9186-453f-b138-08d616112828,Asas Azuis,sac@asasazuis.com,(21) 91234-5678,380,AA5678,AA1234,14:15,16:45,TRANSLADO_AEREO
851d28f8-b5a3-4d1a-8dc9-c4e7533c104f,05893f1c-5226-4d51-8985-1bb82478cb22,Voe Rápido,atendimento@voerápido.com.br,(31) 95678-1234,320,VR9876,VR4321,19:00,21:30,TRANSLADO_AEREO
bfc4ab57-1e81-4f4f-8c42-f30ca8294928,05ee6f52-85be-45e8-b42c-ef15c905f2d3,Horizonte,suporte@horizonte.com.br,(41) 96543-8765,395,HZ1122,HZ3344,06:30,09:00,TRANSLADO_AEREO
e86bf731-46b5-4e4c-9c59-efb0c59d271c,05f39ea2-b9d3-4a94-89c4-b09c84d105e9,Aero Brasil,contato@aerobrasil.com,(51) 97890-1234,310,AB7788,AB9900,11:45,14:15,TRANSLADO_AEREO
5fbb56aa-eaec-4045-9211-2ad38c113c0b,0610acbd-0359-405d-bc4a-2bda1b31d343,FlyExpress,contato@flyexpress.com.br,(11) 98765-4321,350,EX1234,EX5678,08:00,10:30,TRANSLADO_AEREO
50b1af5c-aa9a-4c18-bcc4-e6175c073e31,061f5edb-3c9a-47bd-9448-9e65de229e23,Asas Azuis,sac@asasazuis.com,(21) 91234-5678,380,AA5678,AA1234,14:15,16:45,TRANSLADO_AEREO
d3d1c7c0-82cd-472f-b4b4-2c199ec4a2e0,06a839a7-39e1-4a75-b23b-a96795e6a8e5,Voe Rápido,atendimento@voerápido.com.br,(31) 95678-1234,320,VR9876,VR4321,19:00,21:30,TRANSLADO_AEREO
9e55945a-f904-41a7-a87f-b65b764371f6,0801a7c5-7a75-4987-b312-43f9136f83cc,Horizonte,suporte@horizonte.com.br,(41) 96543-8765,395,HZ1122,HZ3344,06:30,09:00,TRANSLADO_AEREO
0b539256-6449-42fc-9363-a397dbdebccb,0839cd7c-6da7-4cb3-bd17-b0626553c957,Aero Brasil,contato@aerobrasil.com,(51) 97890-1234,310,AB7788,AB9900,11:45,14:15,TRANSLADO_AEREO
5012f538-6431-46ae-bd0d-74a4d98e8e36,0847bd11-58c1-477c-97cc-19e945bd1b76,FlyExpress,contato@flyexpress.com.br,(11) 98765-4321,350,EX1234,EX5678,08:00,10:30,TRANSLADO_AEREO
d2409f97-eca5-4fa1-8d81-57330129b5db,0863a7b1-1930-478e-8b99-7431dbb85747,Asas Azuis,sac@asasazuis.com,(21) 91234-5678,380,AA5678,AA1234,14:15,16:45,TRANSLADO_AEREO
c30cc0ee-e65a-44f6-bc36-d307ea3d1201,0883a3b8-1ee3-4843-bd1f-33bc0f37b796,Voe Rápido,atendimento@voerápido.com.br,(31) 95678-1234,320,VR9876,VR4321,19:00,21:30,TRANSLADO_AEREO
dda1b5c6-4b67-4eaf-b010-27634ca9d574,08df71d9-86c0-4552-9e15-be09a2ecd885,Horizonte,suporte@horizonte.com.br,(41) 96543-8765,395,HZ1122,HZ3344,06:30,09:00,TRANSLADO_AEREO
e8025b10-201d-4615-b3f7-889c04036fb3,09c7382f-47b1-4452-834a-dbdc36109f76,Aero Brasil,contato@aerobrasil.com,(51) 97890-1234,310,AB7788,AB9900,11:45,14:15,TRANSLADO_AEREO
21eb6a1a-840e-4a03-a9cb-a40c9ff7ea8c,09f05155-6f96-44cb-8d0b-29ee8c9bc86d,FlyExpress,contato@flyexpress.com.br,(11) 98765-4321,350,EX1234,EX5678,08:00,10:30,TRANSLADO_AEREO
ec2d46b1-4efb-4d22-89ca-fff9ec5e3fa4,0aad28da-c65a-47ef-8ecb-0f3ef404fbab,Asas Azuis,sac@asasazuis.com,(21) 91234-5678,380,AA5678,AA1234,14:15,16:45,TRANSLADO_AEREO
463f4863-2d6f-424d-8607-1e74f2b43bae,0af386be-7763-4d7e-8b61-ef865351105c,Voe Rápido,atendimento@voerápido.com.br,(31) 95678-1234,320,VR9876,VR4321,19:00,21:30,TRANSLADO_AEREO
be54dd0f-c977-4a22-bcb5-fff3efe7a172,0b3cedd0-b9e8-4c42-b52c-047608982324,Horizonte,suporte@horizonte.com.br,(41) 96543-8765,395,HZ1122,HZ3344,06:30,09:00,TRANSLADO_AEREO
ad44f7f0-e4b4-49f6-b192-e3ae3c465073,0baec014-296a-480c-883d-2789f4689f9d,Aero Brasil,contato@aerobrasil.com,(51) 97890-1234,310,AB7788,AB9900,11:45,14:15,TRANSLADO_AEREO
688c3ee8-c9ac-447e-909d-29d01320746f,0c5b4de3-15e5-492a-b499-7cfa1523b278,FlyExpress,contato@flyexpress.com.br,(11) 98765-4321,350,EX1234,EX5678,08:00,10:30,TRANSLADO_AEREO
6ed8ead4-e5eb-435d-8d16-bced01401f91,0c81266c-1c62-47ff-ac17-9ba4d5af587a,Asas Azuis,sac@asasazuis.com,(21) 91234-5678,380,AA5678,AA1234,14:15,16:45,TRANSLADO_AEREO
d5909616-63b2-42a7-ba8e-5755deef0876,0d874448-35a2-4e67-8398-04026ee71ab6,Voe Rápido,atendimento@voerápido.com.br,(31) 95678-1234,320,VR9876,VR4321,19:00,21:30,TRANSLADO_AEREO
3362c2db-05c8-4de1-8263-0e1b64b53a6b,0d91ce29-8668-4efc-bd60-673c0f15f880,Horizonte,suporte@horizonte.com.br,(41) 96543-8765,395,HZ1122,HZ3344,06:30,09:00,TRANSLADO_AEREO
ce1b8ed5-1598-490c-94fe-aa61a383c2cc,0e7dfd5b-54f9-47e6-b6e9-904a82858242,Aero Brasil,contato@aerobrasil.com,(51) 97890-1234,310,AB7788,AB9900,11:45,14:15,TRANSLADO_AEREO
745c3830-ad06-4f8b-aa51-3b49fe4a8e9b,0e93706f-efa0-4abe-b538-59dc05caedcd,FlyExpress,contato@flyexpress.com.br,(11) 98765-4321,350,EX1234,EX5678,08:00,10:30,TRANSLADO_AEREO
d7f6b924-a631-47b1-aa32-c645bdc406b1,0f0c8e1d-2ffd-4d77-8579-7b4b1b91c1d2,Asas Azuis,sac@asasazuis.com,(21) 91234-5678,380,AA5678,AA1234,14:15,16:45,TRANSLADO_AEREO
071554c2-be06-4662-a06b-9ce1fd3c7930,108b783a-bf82-480f-a151-e2302ecafed6,Voe Rápido,atendimento@voerápido.com.br,(31) 95678-1234,320,VR9876,VR4321,19:00,21:30,TRANSLADO_AEREO
f07c2951-f509-48e7-8272-28ff85d84fb2,11262ed7-80f8-4b88-87cb-d80850a54b58,Horizonte,suporte@horizonte.com.br,(41) 96543-8765,395,HZ1122,HZ3344,06:30,09:00,TRANSLADO_AEREO
a9e9e9f5-c866-4f5b-b3cf-60376749f439,113de264-a13f-443a-85b7-c2dd86d8813f,Aero Brasil,contato@aerobrasil.com,(51) 97890-1234,310,AB7788,AB9900,11:45,14:15,TRANSLADO_AEREO
1c671fe5-b5f3-4201-a951-159738891b16,126f3b00-fa81-40f9-bc33-9e9a9a87948c,FlyExpress,contato@flyexpress.com.br,(11) 98765-4321,350,EX1234,EX5678,08:00,10:30,TRANSLADO_AEREO
35290b5a-51ad-43c6-bc47-7b5584a5ce0c,12e7e53b-93a0-4cfa-9d86-cd95e044b28b,Asas Azuis,sac@asasazuis.com,(21) 91234-5678,380,AA5678,AA1234,14:15,16:45,TRANSLADO_AEREO
7df61a83-380f-492b-aea6-94d0ad41805c,135f8016-0e92-483a-aa2a-0f3a40559e40,Voe Rápido,atendimento@voerápido.com.br,(31) 95678-1234,320,VR9876,VR4321,19:00,21:30,TRANSLADO_AEREO
af8db9b2-07ea-468d-8560-5e98189d8855,13e5f981-e763-46e7-8055-4ac6a480cc35,Horizonte,suporte@horizonte.com.br,(41) 96543-8765,395,HZ1122,HZ3344,06:30,09:00,TRANSLADO_AEREO
85589037-6241-454e-aedb-1f6bc2654be9,154f572c-4624-469f-8fe4-cd2f5453d8b7,Aero Brasil,contato@aerobrasil.com,(51) 97890-1234,310,AB7788,AB9900,11:45,14:15,TRANSLADO_AEREO
a066bf34-405f-4e30-85ff-a20b002aa94d,155f253c-5b03-4e0b-abce-eb35737a01e0,FlyExpress,contato@flyexpress.com.br,(11) 98765-4321,350,EX1234,EX5678,08:00,10:30,TRANSLADO_AEREO
d79fd444-3065-46a5-84a5-3fd2492300aa,17444f78-8923-4ea2-bcd7-8213c0d60ad4,Asas Azuis,sac@asasazuis.com,(21) 91234-5678,380,AA5678,AA1234,14:15,16:45,TRANSLADO_AEREO
cbe0e33c-9829-457f-a047-87a54150a11f,187f6ced-5fc4-43ca-9bc5-a26b89e83007,Voe Rápido,atendimento@voerápido.com.br,(31) 95678-1234,320,VR9876,VR4321,19:00,21:30,TRANSLADO_AEREO
cf52dada-9c66-4323-a26c-613989722eb8,19629614-09c9-4c21-b756-db994578c54a,Horizonte,suporte@horizonte.com.br,(41) 96543-8765,395,HZ1122,HZ3344,06:30,09:00,TRANSLADO_AEREO
91b2125c-9f6f-4a83-bf45-1a87362a1dbb,19a61d1c-4026-4de8-88a9-10609e82a0ea,Aero Brasil,contato@aerobrasil.com,(51) 97890-1234,310,AB7788,AB9900,11:45,14:15,TRANSLADO_AEREO
2bd3479b-12c2-4250-a728-5863bba683e4,19d4c584-c2c5-4b4f-885c-1a3701a65288,FlyExpress,contato@flyexpress.com.br,(11) 98765-4321,350,EX1234,EX5678,08:00,10:30,TRANSLADO_AEREO
3f0e726d-dc38-488f-b155-81a575708383,1a60ee30-7844-4fc6-a823-0cb3d2a967eb,Asas Azuis,sac@asasazuis.com,(21) 91234-5678,380,AA5678,AA1234,14:15,16:45,TRANSLADO_AEREO
0f30e759-d64b-4237-8fa8-b4f6ddad499e,1a6a1b15-3cc7-4156-adf9-fdf8660b210c,Voe Rápido,atendimento@voerápido.com.br,(31) 95678-1234,320,VR9876,VR4321,19:00,21:30,TRANSLADO_AEREO
82b1585e-0e7b-4a31-b8ca-166bcbb6d2e8,1b9924d0-5ae0-43fe-b84e-bc0016324b38,Horizonte,suporte@horizonte.com.br,(41) 96543-8765,395,HZ1122,HZ3344,06:30,09:00,TRANSLADO_AEREO
82e1dfa1-d5a8-4189-b593-dc6e250eccbb,1c374448-98f3-4dd5-8051-1029cf8aa9a7,Aero Brasil,contato@aerobrasil.com,(51) 97890-1234,310,AB7788,AB9900,11:45,14:15,TRANSLADO_AEREO
5350fa4c-33d7-4232-ad0b-ca3bae0901e0,1cbaa688-0ba9-42a1-99b7-f0ec1fcdfd86,FlyExpress,contato@flyexpress.com.br,(11) 98765-4321,350,EX1234,EX5678,08:00,10:30,TRANSLADO_AEREO
56474f3e-e73a-4f15-890a-d54a25b07701,1d3ec0c1-fc23-4cac-8065-367b132a1405,Asas Azuis,sac@asasazuis.com,(21) 91234-5678,380,AA5678,AA1234,14:15,16:45,TRANSLADO_AEREO
6408fed4-f853-4d6e-862d-4dae7433eb44,1d825a5f-103a-4deb-b7b9-244b84ac92c5,Voe Rápido,atendimento@voerápido.com.br,(31) 95678-1234,320,VR9876,VR4321,19:00,21:30,TRANSLADO_AEREO
5338d56d-3d97-48a2-8d38-6c892ee06a4f,1dbb0583-93cf-4f10-a1fc-9ffcda8cff0e,Horizonte,suporte@horizonte.com.br,(41) 96543-8765,395,HZ1122,HZ3344,06:30,09:00,TRANSLADO_AEREO
522d5e4e-796a-4e4e-b160-b0ff9f5ef10e,1dde21fe-cbb0-41f2-a6c3-e2d515158b8e,Aero Brasil,contato@aerobrasil.com,(51) 97890-1234,310,AB7788,AB9900,11:45,14:15,TRANSLADO_AEREO
c5fe9e8b-8b1a-4b23-9ca4-96fb39591ac8,1ea051cf-beac-4000-b5aa-4607a49b2c66,FlyExpress,contato@flyexpress.com.br,(11) 98765-4321,350,EX1234,EX5678,08:00,10:30,TRANSLADO_AEREO
da3dc653-a228-4be0-a4dd-21e00fb726b8,1ed26a10-883e-4730-8cac-499e598d9f12,Asas Azuis,sac@asasazuis.com,(21) 91234-5678,380,AA5678,AA1234,14:15,16:45,TRANSLADO_AEREO
30c0e039-9397-4564-9b56-4599fb95aedf,1f01882c-a933-4b5d-91dd-44db3ab81f30,Voe Rápido,atendimento@voerápido.com.br,(31) 95678-1234,320,VR9876,VR4321,19:00,21:30,TRANSLADO_AEREO
c4f4798c-9536-4f35-9bd0-e20a0565372e,21a9fae1-d112-48bc-b8db-619310cde369,Horizonte,suporte@horizonte.com.br,(41) 96543-8765,395,HZ1122,HZ3344,06:30,09:00,TRANSLADO_AEREO
d1844cdd-a0b4-4a3e-a1e7-02f188b2da38,23e4248f-8cce-4648-9780-7f0e2bd874fe,Aero Brasil,contato@aerobrasil.com,(51) 97890-1234,310,AB7788,AB9900,11:45,14:15,TRANSLADO_AEREO
f672be94-e830-4ce6-bc17-8e861ba794ca,23ed6eb2-fef6-43f1-95c7-1ed2a7e28419,FlyExpress,contato@flyexpress.com.br,(11) 98765-4321,350,EX1234,EX5678,08:00,10:30,TRANSLADO_AEREO
cf84c7f1-f3dc-492c-a9a7-d42bac4cb990,2409312f-cb03-41db-bd1b-2bfde7a7d9e7,Asas Azuis,sac@asasazuis.com,(21) 91234-5678,380,AA5678,AA1234,14:15,16:45,TRANSLADO_AEREO
6186a46c-cdbd-4367-a48b-e98c18cd9c07,241de993-3ec3-4ee9-a71e-6102282cf1e6,Voe Rápido,atendimento@voerápido.com.br,(31) 95678-1234,320,VR9876,VR4321,19:00,21:30,TRANSLADO_AEREO
9796bc6e-95af-4c8c-9445-5ba0af6fcb6a,25300b15-8286-47fa-832b-4369d41e1c68,Horizonte,suporte@horizonte.com.br,(41) 96543-8765,395,HZ1122,HZ3344,06:30,09:00,TRANSLADO_AEREO
313a872b-2669-4fab-a110-df3a47d7cf85,258869e7-c1d4-4451-8644-3e4b6c253063,Aero Brasil,contato@aerobrasil.com,(51) 97890-1234,310,AB7788,AB9900,11:45,14:15,TRANSLADO_AEREO
33441e60-6d00-41e5-8110-eb04e9a34003,25a1082c-7604-4c3b-9e67-331af5b31ef0,FlyExpress,contato@flyexpress.com.br,(11) 98765-4321,350,EX1234,EX5678,08:00,10:30,TRANSLADO_AEREO
d3598626-dadc-46a0-ba96-5857946b43e4,25c098c7-b6ee-4f49-9b1d-967e0e336c20,Asas Azuis,sac@asasazuis.com,(21) 91234-5678,380,AA5678,AA1234,14:15,16:45,TRANSLADO_AEREO
d82843d8-e4e4-4480-ba62-e92afd53bf22,2601ac80-5316-4358-acd9-0713b4f35c1e,Voe Rápido,atendimento@voerápido.com.br,(31) 95678-1234,320,VR9876,VR4321,19:00,21:30,TRANSLADO_AEREO
c308646a-c414-48c3-8b5b-10ee41751ea0,26b1eccf-f81f-4b2a-b84f-957e5ae0f73b,Horizonte,suporte@horizonte.com.br,(41) 96543-8765,395,HZ1122,HZ3344,06:30,09:00,TRANSLADO_AEREO
309c4bfc-75a7-4137-bd68-fc18e7745d65,26cdfc0a-9dfc-441e-a2ff-09f181638519,Aero Brasil,contato@aerobrasil.com,(51) 97890-1234,310,AB7788,AB9900,11:45,14:15,TRANSLADO_AEREO
bf157e22-7c46-4791-9be1-dc56976dcdd3,270c2804-bcee-415c-9a6a-0025f7fa5014,FlyExpress,contato@flyexpress.com.br,(11) 98765-4321,350,EX1234,EX5678,08:00,10:30,TRANSLADO_AEREO
a7d9f53d-0fd9-4cbf-bb99-04ea8173a252,2754ec66-8876-4856-a853-eeab9aba2c31,Asas Azuis,sac@asasazuis.com,(21) 91234-5678,380,AA5678,AA1234,14:15,16:45,TRANSLADO_AEREO
dd3211e5-ba8d-4db2-b69f-2a3706197b1c,27c0d90b-2360-4578-8cc3-55e3f6b8cfdb,Voe Rápido,atendimento@voerápido.com.br,(31) 95678-1234,320,VR9876,VR4321,19:00,21:30,TRANSLADO_AEREO
033c9ca4-64b2-4ca2-b622-a2dc1775a219,2836ad8e-f71f-4f4d-909b-973a2567384b,Horizonte,suporte@horizonte.com.br,(41) 96543-8765,395,HZ1122,HZ3344,06:30,09:00,TRANSLADO_AEREO
689012aa-674a-4655-8851-1b75432d9160,28822d6c-0b29-4175-bd32-49795076801d,Aero Brasil,contato@aerobrasil.com,(51) 97890-1234,310,AB7788,AB9900,11:45,14:15,TRANSLADO_AEREO
36856b6f-7d21-48a5-8a66-5344d0d7a42b,28b18f7e-0ef9-4718-898d-4b23f4c7fbfb,FlyExpress,contato@flyexpress.com.br,(11) 98765-4321,350,EX1234,EX5678,08:00,10:30,TRANSLADO_AEREO
afc34535-a7ae-4009-a6e7-6fcbb1ba7ac7,28c44431-df7f-4dd2-b1fe-ea43dc62dd85,Asas Azuis,sac@asasazuis.com,(21) 91234-5678,380,AA5678,AA1234,14:15,16:45,TRANSLADO_AEREO
b2356850-0e40-4096-983d-6fbe675b984b,28e3e2e4-44cb-452e-ac49-57b3f154cb18,Voe Rápido,atendimento@voerápido.com.br,(31) 95678-1234,320,VR9876,VR4321,19:00,21:30,TRANSLADO_AEREO
43561eec-07cf-4d14-bb7d-82d2d73cb9af,29a45419-a067-4f3b-b532-4f1f63e01bf3,Horizonte,suporte@horizonte.com.br,(41) 96543-8765,395,HZ1122,HZ3344,06:30,09:00,TRANSLADO_AEREO
41e51d20-8963-4705-827e-1844037a6c42,29f5a769-b10f-421d-96dc-4072dbd77a97,Aero Brasil,contato@aerobrasil.com,(51) 97890-1234,310,AB7788,AB9900,11:45,14:15,TRANSLADO_AEREO
b6cb8e1a-9269-41f4-97e0-9322af56d4ca,2bab84bb-3406-404a-b788-846ff687fd68,FlyExpress,contato@flyexpress.com.br,(11) 98765-4321,350,EX1234,EX5678,08:00,10:30,TRANSLADO_AEREO
00a7a608-4e53-4e21-9fe4-fbbf283bf020,2beebcd5-3dde-40f0-8caf-bcd01ce1cebf,Asas Azuis,sac@asasazuis.com,(21) 91234-5678,380,AA5678,AA1234,14:15,16:45,TRANSLADO_AEREO
c882716f-bb96-4489-b197-ca7ac8b45f13,2bfb177c-976e-469c-bf76-5c5aac6d47b5,Voe Rápido,atendimento@voerápido.com.br,(31) 95678-1234,320,VR9876,VR4321,19:00,21:30,TRANSLADO_AEREO
242c3b49-325a-4c0d-a63f-bcf961785bc6,2c4071b8-39bf-40f6-8c0b-0a9a5f000f74,Horizonte,suporte@horizonte.com.br,(41) 96543-8765,395,HZ1122,HZ3344,06:30,09:00,TRANSLADO_AEREO
1bced46c-4da2-40b1-81b0-4786bb08265e,2c57eafe-0fa9-4aa7-9b8c-fcaf558fcc93,Aero Brasil,contato@aerobrasil.com,(51) 97890-1234,310,AB7788,AB9900,11:45,14:15,TRANSLADO_AEREO
ae034fe3-4d56-42e1-9f94-bb68963972a0,2f90c904-2f13-4009-a0c9-d23e7a44041b,FlyExpress,contato@flyexpress.com.br,(11) 98765-4321,350,EX1234,EX5678,08:00,10:30,TRANSLADO_AEREO
122546f3-c41e-42fa-a6d2-eb531643843e,3004abe7-3a5d-43bf-9180-dfcf3c41a5e9,Asas Azuis,sac@asasazuis.com,(21) 91234-5678,380,AA5678,AA1234,14:15,16:45,TRANSLADO_AEREO
8b837ad0-51ac-4b3d-9c95-bfbf06b84d7b,3098daca-4cc9-4fa3-87df-cd98b1b82ca3,Voe Rápido,atendimento@voerápido.com.br,(31) 95678-1234,320,VR9876,VR4321,19:00,21:30,TRANSLADO_AEREO
2a36a6cb-c13b-4327-a196-895b144e0e70,31469361-f12f-4a91-808c-e5094f19018e,Horizonte,suporte@horizonte.com.br,(41) 96543-8765,395,HZ1122,HZ3344,06:30,09:00,TRANSLADO_AEREO
3e3ece68-5da9-4a5f-bea7-6dde41669639,31ec0f02-1e7f-41fa-9fc7-c7c73aa5fd55,Aero Brasil,contato@aerobrasil.com,(51) 97890-1234,310,AB7788,AB9900,11:45,14:15,TRANSLADO_AEREO
d02c05f5-5666-4c72-8bbb-70fbdbf9b9b6,3200f3f0-32ed-44ee-9bee-cc040f81a57c,FlyExpress,contato@flyexpress.com.br,(11) 98765-4321,350,EX1234,EX5678,08:00,10:30,TRANSLADO_AEREO
9c506fb5-da71-4ea1-be9d-db06f6c00f8a,32607007-0419-4cb6-82df-f3fdbd71ee7b,Asas Azuis,sac@asasazuis.com,(21) 91234-5678,380,AA5678,AA1234,14:15,16:45,TRANSLADO_AEREO
64a87a7c-2699-4efb-9612-6045589d28c6,339e3860-de6a-47e1-be22-28a180935046,Voe Rápido,atendimento@voerápido.com.br,(31) 95678-1234,320,VR9876,VR4321,19:00,21:30,TRANSLADO_AEREO
bbc6109b-eddb-475f-ba03-ce95ba2d90e5,3470e565-5377-4155-a5de-1120bf0a4c30,Horizonte,suporte@horizonte.com.br,(41) 96543-8765,395,HZ1122,HZ3344,06:30,09:00,TRANSLADO_AEREO
6196b567-9289-43ba-bca9-299378e2763b,35e72b34-724f-4323-975c-359f65e9d1c8,Aero Brasil,contato@aerobrasil.com,(51) 97890-1234,310,AB7788,AB9900,11:45,14:15,TRANSLADO_AEREO
f563b1e1-e386-4537-9ea9-1739876409de,35ec6833-53be-4f36-9b69-cbd4bd87a6d3,FlyExpress,contato@flyexpress.com.br,(11) 98765-4321,350,EX1234,EX5678,08:00,10:30,TRANSLADO_AEREO
ce7c5945-b29f-4977-bd9e-6a2a3557901d,3644f270-b33c-4abc-8f46-54723944bdaa,Asas Azuis,sac@asasazuis.com,(21) 91234-5678,380,AA5678,AA1234,14:15,16:45,TRANSLADO_AEREO
8eb3df3b-8b41-4c48-8686-6eff904d191b,3747fe94-9f4c-4a4a-a24e-6161a0224799,Voe Rápido,atendimento@voerápido.com.br,(31) 95678-1234,320,VR9876,VR4321,19:00,21:30,TRANSLADO_AEREO
9b7a1c5e-55c1-4198-ad36-3d6e8f02a477,386895c6-6f9d-4a2f-a93b-80e885c874a7,Horizonte,suporte@horizonte.com.br,(41) 96543-8765,395,HZ1122,HZ3344,06:30,09:00,TRANSLADO_AEREO
8a5c3229-6f2d-4fc7-8a51-c46f31377951,392d15a2-d6cc-43d3-b4ff-959d67114412,Aero Brasil,contato@aerobrasil.com,(51) 97890-1234,310,AB7788,AB9900,11:45,14:15,TRANSLADO_AEREO
c98dba56-4645-49a9-ac6e-5d390c10ff80,394c6f84-079e-43da-99f4-f582c8387142,FlyExpress,contato@flyexpress.com.br,(11) 98765-4321,350,EX1234,EX5678,08:00,10:30,TRANSLADO_AEREO
39601602-c996-47a7-b334-1242e92021e8,3973ec1e-9707-4071-9ab2-78b02e067af4,Asas Azuis,sac@asasazuis.com,(21) 91234-5678,380,AA5678,AA1234,14:15,16:45,TRANSLADO_AEREO
67afc97d-3be4-462f-a0b3-395579c9b94a,397dafa9-c60b-4f4f-8f9c-fe693389e31f,Voe Rápido,atendimento@voerápido.com.br,(31) 95678-1234,320,VR9876,VR4321,19:00,21:30,TRANSLADO_AEREO
1e1b59aa-21db-489d-866d-12c598939498,39fc877e-2756-435d-9d34-daf5305e0811,Horizonte,suporte@horizonte.com.br,(41) 96543-8765,395,HZ1122,HZ3344,06:30,09:00,TRANSLADO_AEREO
8d27d72a-3747-47dc-8fce-f27572fd7ab2,3a7b8af1-693d-4757-9d0e-ef4348a6c037,Aero Brasil,contato@aerobrasil.com,(51) 97890-1234,310,AB7788,AB9900,11:45,14:15,TRANSLADO_AEREO
9b8aefac-8dbf-4aef-be42-bba02d43f6bf,3a9bb3e2-3866-48f3-a290-f895ca2227d5,FlyExpress,contato@flyexpress.com.br,(11) 98765-4321,350,EX1234,EX5678,08:00,10:30,TRANSLADO_AEREO
74ce0f1f-90f1-409e-af57-5e0ef33e1074,3aba3fe5-266e-4d56-bd52-e80723d9b6cf,Asas Azuis,sac@asasazuis.com,(21) 91234-5678,380,AA5678,AA1234,14:15,16:45,TRANSLADO_AEREO
799dc29c-d0d1-46c3-b850-5f99423ea3bd,3acb534c-4acc-4f88-9ef9-399e076f781a,Voe Rápido,atendimento@voerápido.com.br,(31) 95678-1234,320,VR9876,VR4321,19:00,21:30,TRANSLADO_AEREO
98ba259f-4373-48cc-8d4b-689df44001e9,3ad32ff4-1396-4010-8f4a-767da5d096b6,Horizonte,suporte@horizonte.com.br,(41) 96543-8765,395,HZ1122,HZ3344,06:30,09:00,TRANSLADO_AEREO
94d10d06-e0ea-4239-964f-1a5c015371f1,3ae52458-abc2-4298-bba0-7454fc1ded3e,Aero Brasil,contato@aerobrasil.com,(51) 97890-1234,310,AB7788,AB9900,11:45,14:15,TRANSLADO_AEREO
ed30ea1b-6419-43c2-938f-a4a57521a421,3c698162-fa7f-4318-b600-695fde4bc23b,FlyExpress,contato@flyexpress.com.br,(11) 98765-4321,350,EX1234,EX5678,08:00,10:30,TRANSLADO_AEREO
c6e626c1-b035-4770-a769-ba5af5258397,3d52bedf-efe5-412b-8d91-ee27a757df89,Asas Azuis,sac@asasazuis.com,(21) 91234-5678,380,AA5678,AA1234,14:15,16:45,TRANSLADO_AEREO
16e4c4ff-bc64-4187-982f-a9348d9e13b6,3d983c54-ce8d-4d87-b04f-89792be81732,Voe Rápido,atendimento@voerápido.com.br,(31) 95678-1234,320,VR9876,VR4321,19:00,21:30,TRANSLADO_AEREO
173094cf-53b3-411a-96f0-9442c6ca2993,3ee9bade-2796-4bee-b8be-cf49695356fa,Horizonte,suporte@horizonte.com.br,(41) 96543-8765,395,HZ1122,HZ3344,06:30,09:00,TRANSLADO_AEREO
06a7cd8a-f17e-4d54-b275-2c5959d8845b,3f5a3a50-5306-4933-b9f9-699dab50b54a,Aero Brasil,contato@aerobrasil.com,(51) 97890-1234,310,AB7788,AB9900,11:45,14:15,TRANSLADO_AEREO
dc856744-8135-4f01-806a-505b5eb3dd0e,3ffe00ba-7a61-404c-b9f1-2273ce5f991b,FlyExpress,contato@flyexpress.com.br,(11) 98765-4321,350,EX1234,EX5678,08:00,10:30,TRANSLADO_AEREO
ef8c9b09-27df-4a42-96e7-081ac208367e,4030d116-405c-40dd-898a-8b231fd7ff78,Asas Azuis,sac@asasazuis.com,(21) 91234-5678,380,AA5678,AA1234,14:15,16:45,TRANSLADO_AEREO
1730b0ee-fc24-430c-858c-910994bb947c,40c7be40-22fb-4e42-8265-a7706381608c,Voe Rápido,atendimento@voerápido.com.br,(31) 95678-1234,320,VR9876,VR4321,19:00,21:30,TRANSLADO_AEREO
599c9f29-0028-4f34-8753-f148b8730e77,40f8a781-f603-414b-a8ee-59db63568341,Horizonte,suporte@horizonte.com.br,(41) 96543-8765,395,HZ1122,HZ3344,06:30,09:00,TRANSLADO_AEREO
4860eee7-e665-490c-87aa-00b617d34f4a,41157eb7-3da6-473f-977f-cf54dbf129c8,Aero Brasil,contato@aerobrasil.com,(51) 97890-1234,310,AB7788,AB9900,11:45,14:15,TRANSLADO_AEREO
a27b165e-868b-4b31-becf-6441b22dc211,41c3d658-2035-4263-8417-93c497c30e33,FlyExpress,contato@flyexpress.com.br,(11) 98765-4321,350,EX1234,EX5678,08:00,10:30,TRANSLADO_AEREO
748f2a37-57d4-4e9b-962b-a6fe4c980710,41cfb03f-db96-4b73-9865-2903d0764867,Asas Azuis,sac@asasazuis.com,(21) 91234-5678,380,AA5678,AA1234,14:15,16:45,TRANSLADO_AEREO
749526e0-38c7-41cf-9624-27e469c39103,41de89ba-dc4f-428a-a93f-8e37c91b05ad,Voe Rápido,atendimento@voerápido.com.br,(31) 95678-1234,320,VR9876,VR4321,19:00,21:30,TRANSLADO_AEREO
91e8d8d4-967d-4d03-a7a0-8ef8f4611458,422c6794-9742-49bb-925e-7260cba8639e,Horizonte,suporte@horizonte.com.br,(41) 96543-8765,395,HZ1122,HZ3344,06:30,09:00,TRANSLADO_AEREO
90961600-88d9-4a32-b10b-8d1ebd6d7f5e,4230472d-7351-4f50-9095-266802bc612c,Aero Brasil,contato@aerobrasil.com,(51) 97890-1234,310,AB7788,AB9900,11:45,14:15,TRANSLADO_AEREO
3e0c7686-3f5d-4089-97a0-46f71b9f0516,42bfbc19-1472-4292-a452-de843f81f045,FlyExpress,contato@flyexpress.com.br,(11) 98765-4321,350,EX1234,EX5678,08:00,10:30,TRANSLADO_AEREO
0522d2dd-15ca-4661-a53e-0b2e4cbb05a9,4307b6bb-8233-4dee-9539-9cfe5662e12f,Asas Azuis,sac@asasazuis.com,(21) 91234-5678,380,AA5678,AA1234,14:15,16:45,TRANSLADO_AEREO
58b5c42e-9549-4bfa-bea0-1cf6fc37bee6,43615990-d58c-4b62-84c0-01603dd8a840,Voe Rápido,atendimento@voerápido.com.br,(31) 95678-1234,320,VR9876,VR4321,19:00,21:30,TRANSLADO_AEREO
83fa423a-a9c1-4ecc-8130-d95bee68f75e,439aa925-b83e-445a-bd08-903c0865cabc,Horizonte,suporte@horizonte.com.br,(41) 96543-8765,395,HZ1122,HZ3344,06:30,09:00,TRANSLADO_AEREO
706ed0b1-158e-402c-b359-8e7bbbe4afe8,43cfc252-7dc2-4664-8b73-945b62913ea4,Aero Brasil,contato@aerobrasil.com,(51) 97890-1234,310,AB7788,AB9900,11:45,14:15,TRANSLADO_AEREO
1c4ae769-9edf-4834-8227-5e0f01c46a2b,43ea0f95-803d-410d-bc82-306399816f2b,FlyExpress,contato@flyexpress.com.br,(11) 98765-4321,350,EX1234,EX5678,08:00,10:30,TRANSLADO_AEREO
f21ecd6e-18af-4ef9-bb7b-edcad6995158,45fd1298-8d9c-49b1-8549-270fd45ee69f,Asas Azuis,sac@asasazuis.com,(21) 91234-5678,380,AA5678,AA1234,14:15,16:45,TRANSLADO_AEREO
dd44371b-0ee5-4336-a12a-1bfebbef7158,460e10da-9536-409d-add5-d0e96fa469af,Voe Rápido,atendimento@voerápido.com.br,(31) 95678-1234,320,VR9876,VR4321,19:00,21:30,TRANSLADO_AEREO
c369a1ef-7919-40d9-ba51-fafb8ea529d5,4697eda4-98ae-46de-9daf-140dc28e0e72,Horizonte,suporte@horizonte.com.br,(41) 96543-8765,395,HZ1122,HZ3344,06:30,09:00,TRANSLADO_AEREO
100f5b8b-c755-4378-afe3-3837b49d51f4,469cf76c-ef88-42af-a12f-098727efeb60,Aero Brasil,contato@aerobrasil.com,(51) 97890-1234,310,AB7788,AB9900,11:45,14:15,TRANSLADO_AEREO
2f2e542c-8153-46c9-a948-51cb25a304ab,47e23445-d08c-4dc0-8070-d0250af06a59,FlyExpress,contato@flyexpress.com.br,(11) 98765-4321,350,EX1234,EX5678,08:00,10:30,TRANSLADO_AEREO
81465855-b7c4-4cb7-ab45-2ff8d3000fb6,48630537-5968-4332-8220-1409b1896615,Asas Azuis,sac@asasazuis.com,(21) 91234-5678,380,AA5678,AA1234,14:15,16:45,TRANSLADO_AEREO
4d482305-68da-45c5-b574-9266924ccd46,4885ebeb-8c84-4961-a04c-ddef199daef9,Voe Rápido,atendimento@voerápido.com.br,(31) 95678-1234,320,VR9876,VR4321,19:00,21:30,TRANSLADO_AEREO
4efa9d57-a153-439d-a99c-ad176171313d,4934b7e4-9b6a-43af-bdd2-e9ea0c841732,Horizonte,suporte@horizonte.com.br,(41) 96543-8765,395,HZ1122,HZ3344,06:30,09:00,TRANSLADO_AEREO
5d31b944-ab3a-49ff-9f80-3530053954b7,49524e7f-7057-430d-88a8-2d63f109430f,Aero Brasil,contato@aerobrasil.com,(51) 97890-1234,310,AB7788,AB9900,11:45,14:15,TRANSLADO_AEREO
7e70152e-7597-4f13-b0c1-22b297eff077,4969e70d-9d3c-423c-9bc1-79a10a0df438,FlyExpress,contato@flyexpress.com.br,(11) 98765-4321,350,EX1234,EX5678,08:00,10:30,TRANSLADO_AEREO
b34317f2-51c1-45c6-9914-25e40581a6c1,49b39ac9-60dd-4b67-81fc-f3edb7ec3a48,Asas Azuis,sac@asasazuis.com,(21) 91234-5678,380,AA5678,AA1234,14:15,16:45,TRANSLADO_AEREO
e5929e35-81c4-4754-9d2f-048d11b3a31e,4ac8bffc-0ec2-456a-95b4-268763ee8572,Voe Rápido,atendimento@voerápido.com.br,(31) 95678-1234,320,VR9876,VR4321,19:00,21:30,TRANSLADO_AEREO
95b0f9a9-3d6a-47d8-a596-3d2083dcb779,4b6e87b9-e760-41d0-b6de-4f8780411bbe,Horizonte,suporte@horizonte.com.br,(41) 96543-8765,395,HZ1122,HZ3344,06:30,09:00,TRANSLADO_AEREO
f9772d30-df63-4d19-983d-c65c4084e00c,4b76f1f7-6bc0-4d16-8ffd-921d16fe8041,Aero Brasil,contato@aerobrasil.com,(51) 97890-1234,310,AB7788,AB9900,11:45,14:15,TRANSLADO_AEREO
2c671482-15cf-4006-a1db-8d6fd4f6c97f,4c036e63-fa65-4645-a5c1-1390915dfa43,FlyExpress,contato@flyexpress.com.br,(11) 98765-4321,350,EX1234,EX5678,08:00,10:30,TRANSLADO_AEREO
1742d4fd-1f5b-41c5-a4de-0a24090876c5,4c4ee271-3b5b-4c9d-b2d6-183be74f5b01,Asas Azuis,sac@asasazuis.com,(21) 91234-5678,380,AA5678,AA1234,14:15,16:45,TRANSLADO_AEREO
36b81b14-2a1a-406b-9b5c-51ccb55f67d2,4c5923e7-d6d1-466e-978d-0edd1fc0a688,Voe Rápido,atendimento@voerápido.com.br,(31) 95678-1234,320,VR9876,VR4321,19:00,21:30,TRANSLADO_AEREO
48fcbd91-22cd-4bb2-b4c6-d3e819f9352d,4c795530-6c07-4965-9260-67dc33c8a2a6,Horizonte,suporte@horizonte.com.br,(41) 96543-8765,395,HZ1122,HZ3344,06:30,09:00,TRANSLADO_AEREO
3ec037c6-1c16-4f18-aad9-e3b50820f037,4c8768bd-b6f9-49f8-829f-f5f5df29ed92,Aero Brasil,contato@aerobrasil.com,(51) 97890-1234,310,AB7788,AB9900,11:45,14:15,TRANSLADO_AEREO
2383d7af-b135-4ce1-839f-ab9c99ccb5cb,4ca570c3-570e-403a-87ff-96b429f46a2f,FlyExpress,contato@flyexpress.com.br,(11) 98765-4321,350,EX1234,EX5678,08:00,10:30,TRANSLADO_AEREO
c5d3727d-3507-486c-b32d-356abef67ebb,4d9865fb-9966-4c85-988c-6147486aff07,Asas Azuis,sac@asasazuis.com,(21) 91234-5678,380,AA5678,AA1234,14:15,16:45,TRANSLADO_AEREO
2a8a0c37-fc81-4ae6-ba40-e5377960bf02,4dc2d355-d339-42d8-b255-d0e50f7dc23a,Voe Rápido,atendimento@voerápido.com.br,(31) 95678-1234,320,VR9876,VR4321,19:00,21:30,TRANSLADO_AEREO
5862a910-cd58-4ed7-96b8-93b74e551dd0,4e477673-5ff8-4a54-91b0-08c86b294527,Horizonte,suporte@horizonte.com.br,(41) 96543-8765,395,HZ1122,HZ3344,06:30,09:00,TRANSLADO_AEREO
b3b627d2-9386-49b1-814e-d73397445f4c,4e88cc72-f08d-49ac-bc7a-defe32899db8,Aero Brasil,contato@aerobrasil.com,(51) 97890-1234,310,AB7788,AB9900,11:45,14:15,TRANSLADO_AEREO
ae0df6b9-bb8e-4de5-bf17-78cbb7710b64,4ee65d21-95c6-4ef4-88b6-3403f24151fb,FlyExpress,contato@flyexpress.com.br,(11) 98765-4321,350,EX1234,EX5678,08:00,10:30,TRANSLADO_AEREO
db88e8f7-ccbc-4b21-a237-e1a4317d6ff5,4f09c5ec-3156-4c89-a9d9-ef6059f450ec,Asas Azuis,sac@asasazuis.com,(21) 91234-5678,380,AA5678,AA1234,14:15,16:45,TRANSLADO_AEREO
a6d20cd0-b71f-4297-82b2-a10b1e53232c,4f17f0d0-5ca0-41d2-85d7-c7218c38b5c9,Voe Rápido,atendimento@voerápido.com.br,(31) 95678-1234,320,VR9876,VR4321,19:00,21:30,TRANSLADO_AEREO
7013ffae-6e50-4d25-805e-518c99b0fde7,4f9d6fdf-509d-470b-a8ef-eeb0731c82a1,Horizonte,suporte@horizonte.com.br,(41) 96543-8765,395,HZ1122,HZ3344,06:30,09:00,TRANSLADO_AEREO
7b7475a0-782e-46a4-bb14-e0edb1d6ab27,50755c2b-8d33-42b3-a9a0-dd8417f6a6df,Aero Brasil,contato@aerobrasil.com,(51) 97890-1234,310,AB7788,AB9900,11:45,14:15,TRANSLADO_AEREO
e2b3c90d-c2d5-4c93-a0c0-362d498b5c36,51686124-3013-4d4e-bb3b-afaee9153899,FlyExpress,contato@flyexpress.com.br,(11) 98765-4321,350,EX1234,EX5678,08:00,10:30,TRANSLADO_AEREO
e667263a-e35f-4922-bff6-62c75867c53b,516b4dd2-9285-4839-87e8-65d11013b6da,Asas Azuis,sac@asasazuis.com,(21) 91234-5678,380,AA5678,AA1234,14:15,16:45,TRANSLADO_AEREO
92d919ec-f4ec-42ea-b368-a2c270873c3c,51d03f41-5a16-4c1a-a2d3-27d3a998b733,Voe Rápido,atendimento@voerápido.com.br,(31) 95678-1234,320,VR9876,VR4321,19:00,21:30,TRANSLADO_AEREO
0db622ea-e836-4b3f-89be-9d51589b720f,521efc2e-c3b1-4fac-ba4e-7aacb7ab415f,Horizonte,suporte@horizonte.com.br,(41) 96543-8765,395,HZ1122,HZ3344,06:30,09:00,TRANSLADO_AEREO
b47c2218-3b28-4de1-89d2-0bc14c5465d0,534fa425-c0ae-4da6-915f-4ebd702a185d,Aero Brasil,contato@aerobrasil.com,(51) 97890-1234,310,AB7788,AB9900,11:45,14:15,TRANSLADO_AEREO
201e8ce9-914f-4b56-8112-dd3c685e292f,54ddf46a-18be-4d4c-b30c-9493dcab15dd,FlyExpress,contato@flyexpress.com.br,(11) 98765-4321,350,EX1234,EX5678,08:00,10:30,TRANSLADO_AEREO
2d544a42-4ca6-45f8-8f5a-5ef2a0abc080,550d66ee-cb5f-43de-948b-c3b1b08d8bd0,Asas Azuis,sac@asasazuis.com,(21) 91234-5678,380,AA5678,AA1234,14:15,16:45,TRANSLADO_AEREO
a2a213da-6d70-4468-a8bd-00a45b1c55c2,55c1eec7-98dc-4e0c-aa0a-915944f8bea5,Voe Rápido,atendimento@voerápido.com.br,(31) 95678-1234,320,VR9876,VR4321,19:00,21:30,TRANSLADO_AEREO
c9f00eb3-27d6-42d3-9dc1-89977b878fe9,55d3eddc-1bff-456a-89f0-ecaa95d39519,Horizonte,suporte@horizonte.com.br,(41) 96543-8765,395,HZ1122,HZ3344,06:30,09:00,TRANSLADO_AEREO
f68bac8b-4f64-420a-965c-63a1728f707e,571631e0-d039-4338-bc69-e57648e5f476,Aero Brasil,contato@aerobrasil.com,(51) 97890-1234,310,AB7788,AB9900,11:45,14:15,TRANSLADO_AEREO
49a86433-3bde-4e2c-9b99-418af32f930b,576d0b7d-d01d-4836-9b57-669c17fccef7,FlyExpress,contato@flyexpress.com.br,(11) 98765-4321,350,EX1234,EX5678,08:00,10:30,TRANSLADO_AEREO
aac19453-b21f-4c8f-ae65-f6ea089e76f2,57abb2d9-fe11-41ba-9e9b-fa6a402a4ab4,Asas Azuis,sac@asasazuis.com,(21) 91234-5678,380,AA5678,AA1234,14:15,16:45,TRANSLADO_AEREO
979728f6-034c-4c30-ab7b-7f7b1b2a2290,57dd385a-5f4e-4886-9dc9-12e8fa61bce4,Voe Rápido,atendimento@voerápido.com.br,(31) 95678-1234,320,VR9876,VR4321,19:00,21:30,TRANSLADO_AEREO
ab16e9ca-bea8-4b58-9bf0-c05b69ff9a1b,57fb6323-18da-40a9-83e5-731de901d798,Horizonte,suporte@horizonte.com.br,(41) 96543-8765,395,HZ1122,HZ3344,06:30,09:00,TRANSLADO_AEREO
2663d2f0-7dc4-4dec-a89a-19517221e5d7,58692347-bc3c-48b3-a2b8-d5621cb0a368,Aero Brasil,contato@aerobrasil.com,(51) 97890-1234,310,AB7788,AB9900,11:45,14:15,TRANSLADO_AEREO
ea274bbe-7ba9-432e-bc55-d74f91f6bf3c,587dc2ab-ffed-4996-ba19-07dfb49ee673,FlyExpress,contato@flyexpress.com.br,(11) 98765-4321,350,EX1234,EX5678,08:00,10:30,TRANSLADO_AEREO
6a8a8328-a0d8-4066-a7d2-ddb4d9ad197a,5943c8b6-0bbe-4f94-bfca-4762b0c7b3fd,Asas Azuis,sac@asasazuis.com,(21) 91234-5678,380,AA5678,AA1234,14:15,16:45,TRANSLADO_AEREO
e1b0e3c7-a3e1-42b2-9a7f-ed99ea062dcf,5949afd5-0608-4888-9849-ac7a6a402140,Voe Rápido,atendimento@voerápido.com.br,(31) 95678-1234,320,VR9876,VR4321,19:00,21:30,TRANSLADO_AEREO
4a8d734e-8e11-4660-a56b-aa248ef895f8,5a3ef114-f342-4f52-9a79-293be5ebe06a,Horizonte,suporte@horizonte.com.br,(41) 96543-8765,395,HZ1122,HZ3344,06:30,09:00,TRANSLADO_AEREO
fb374fc0-318f-4e00-aff4-8e814f1b595d,5ab8da91-a46c-454e-beaf-dadd8cd6d680,Aero Brasil,contato@aerobrasil.com,(51) 97890-1234,310,AB7788,AB9900,11:45,14:15,TRANSLADO_AEREO
9b8ac383-2839-489e-a171-da9c700839f2,5ada4a10-e587-488b-88cc-77c528cfff4a,FlyExpress,contato@flyexpress.com.br,(11) 98765-4321,350,EX1234,EX5678,08:00,10:30,TRANSLADO_AEREO
9efcc981-feb1-4bd6-8dfe-7b14d787bece,5b29f0a5-b5ff-4c3a-b17a-311065776132,Asas Azuis,sac@asasazuis.com,(21) 91234-5678,380,AA5678,AA1234,14:15,16:45,TRANSLADO_AEREO
fa95a720-7564-4a36-a3cc-49b477cf39d0,5c5ee4eb-eefa-45e9-b2ee-38764970168b,Voe Rápido,atendimento@voerápido.com.br,(31) 95678-1234,320,VR9876,VR4321,19:00,21:30,TRANSLADO_AEREO
5f4ebbc4-7da6-43ca-b0ce-88651bed6c3a,5c96aa8a-2126-4452-8dd3-b3fab885cbdf,Horizonte,suporte@horizonte.com.br,(41) 96543-8765,395,HZ1122,HZ3344,06:30,09:00,TRANSLADO_AEREO
1abf2fa8-7e98-4a4c-88f2-860c661b32cd,5da99762-63c2-40ef-9b5f-8cdab8b250dc,Aero Brasil,contato@aerobrasil.com,(51) 97890-1234,310,AB7788,AB9900,11:45,14:15,TRANSLADO_AEREO
f7e22d73-d211-4e8f-a147-e8ab7131f0a8,5e0048e4-9045-421d-9f71-dafa45751caa,FlyExpress,contato@flyexpress.com.br,(11) 98765-4321,350,EX1234,EX5678,08:00,10:30,TRANSLADO_AEREO
3278acb9-2799-403c-b6fa-22d6dfffde06,5f6621d4-19db-4f85-8848-68963758cfcd,Asas Azuis,sac@asasazuis.com,(21) 91234-5678,380,AA5678,AA1234,14:15,16:45,TRANSLADO_AEREO
e938a08c-b5c1-4391-9f43-4c692e3db1d4,5f75e322-ba0e-4042-86e6-d286d7dcbca8,Voe Rápido,atendimento@voerápido.com.br,(31) 95678-1234,320,VR9876,VR4321,19:00,21:30,TRANSLADO_AEREO
0dbfc6d4-2703-4ebc-bcb3-128329ca25e5,5f86b922-79b4-45e5-9a37-103db6ab3599,Horizonte,suporte@horizonte.com.br,(41) 96543-8765,395,HZ1122,HZ3344,06:30,09:00,TRANSLADO_AEREO
d09f1e53-5f7c-43a7-b38c-dd55ea2e9430,5f9f1781-11d7-48b1-97f4-7b103cecbe35,Aero Brasil,contato@aerobrasil.com,(51) 97890-1234,310,AB7788,AB9900,11:45,14:15,TRANSLADO_AEREO
5f917440-a45b-433b-b82b-1a752edbf8da,5fb8a8ea-2a2d-4131-b300-9ee071efd8ff,FlyExpress,contato@flyexpress.com.br,(11) 98765-4321,350,EX1234,EX5678,08:00,10:30,TRANSLADO_AEREO
1fb08ee9-df76-40f3-b884-da263733ae30,5fc792ad-372c-4304-95f4-6c196b5f5ca4,Asas Azuis,sac@asasazuis.com,(21) 91234-5678,380,AA5678,AA1234,14:15,16:45,TRANSLADO_AEREO
431e7c60-8d9a-41b9-be3d-9ffc22580b69,5fd20425-53d9-47b6-b03e-92bc756e9e3c,Voe Rápido,atendimento@voerápido.com.br,(31) 95678-1234,320,VR9876,VR4321,19:00,21:30,TRANSLADO_AEREO
e73cdf3c-243c-4020-865a-7bd5a5551850,60d26217-cf28-49f0-a463-4109084437fc,Horizonte,suporte@horizonte.com.br,(41) 96543-8765,395,HZ1122,HZ3344,06:30,09:00,TRANSLADO_AEREO
5f42423c-d66d-4b2b-bac3-fd0ffb4b1686,60dfdf6f-24e8-4a00-835d-b4a06695da3c,Aero Brasil,contato@aerobrasil.com,(51) 97890-1234,310,AB7788,AB9900,11:45,14:15,TRANSLADO_AEREO
9e7039ce-2192-4a04-8ec9-3fea333467c9,60eb70e6-3825-4486-a829-ec44fc9d2d43,FlyExpress,contato@flyexpress.com.br,(11) 98765-4321,350,EX1234,EX5678,08:00,10:30,TRANSLADO_AEREO
17de441b-9c86-4316-9617-2f0775248dfb,60fcd156-5834-4262-8198-23ddebb5e00f,Asas Azuis,sac@asasazuis.com,(21) 91234-5678,380,AA5678,AA1234,14:15,16:45,TRANSLADO_AEREO
9184bae6-382f-499e-bb8d-56b2aeee64c5,62128504-7185-479f-99de-8bedaf5fb7f6,Voe Rápido,atendimento@voerápido.com.br,(31) 95678-1234,320,VR9876,VR4321,19:00,21:30,TRANSLADO_AEREO
2fa350fc-0b44-4df3-9b39-2569cc4063ec,622fae8b-0d68-487e-88dc-698693f79e49,Horizonte,suporte@horizonte.com.br,(41) 96543-8765,395,HZ1122,HZ3344,06:30,09:00,TRANSLADO_AEREO
6f0034fe-2cfd-4883-860d-53d9b43bedda,6323d8ab-9586-4bfe-9eea-01f0a3a1c73e,Aero Brasil,contato@aerobrasil.com,(51) 97890-1234,310,AB7788,AB9900,11:45,14:15,TRANSLADO_AEREO
06a0820a-6c7c-493c-a3cb-07169dffcea1,64c3e163-0280-453c-892e-162f8ce111ad,FlyExpress,contato@flyexpress.com.br,(11) 98765-4321,350,EX1234,EX5678,08:00,10:30,TRANSLADO_AEREO
ff9b8f38-ac55-478f-9e04-e323d675aae4,657bc1ce-b0d1-4433-9af4-b45b12ee7138,Asas Azuis,sac@asasazuis.com,(21) 91234-5678,380,AA5678,AA1234,14:15,16:45,TRANSLADO_AEREO
71d09943-f16c-4b83-9e3e-b5549416a643,65ecb526-7f76-4068-bc8b-870aaf03a3f2,Voe Rápido,atendimento@voerápido.com.br,(31) 95678-1234,320,VR9876,VR4321,19:00,21:30,TRANSLADO_AEREO
c0b3e32f-94ca-473b-8992-f719f2dc5e25,65f4fafc-7ebc-4ee7-9818-f23d6df19804,Horizonte,suporte@horizonte.com.br,(41) 96543-8765,395,HZ1122,HZ3344,06:30,09:00,TRANSLADO_AEREO
d102c1fb-dca0-47c3-a108-b7c2da4b2924,660f60dd-08b9-4e30-aa07-664d74395e39,Aero Brasil,contato@aerobrasil.com,(51) 97890-1234,310,AB7788,AB9900,11:45,14:15,TRANSLADO_AEREO
87cdd2d8-0a25-465b-90e7-4be0e14f4f58,66283a70-cf78-4dd8-8023-a12a186110a6,FlyExpress,contato@flyexpress.com.br,(11) 98765-4321,350,EX1234,EX5678,08:00,10:30,TRANSLADO_AEREO
41be6c91-0207-4a85-a74a-45bb89c8faba,66a0c976-e013-4825-977c-bbc51461eef8,Asas Azuis,sac@asasazuis.com,(21) 91234-5678,380,AA5678,AA1234,14:15,16:45,TRANSLADO_AEREO
ad748bec-bfe7-46d1-83f2-83307309f013,6723c5ba-803c-45c0-92a4-f841198a7d81,Voe Rápido,atendimento@voerápido.com.br,(31) 95678-1234,320,VR9876,VR4321,19:00,21:30,TRANSLADO_AEREO
110f9e5e-0307-4a14-ac9f-a24884700c24,67320706-e9be-457d-9f3a-2c961080edb7,Horizonte,suporte@horizonte.com.br,(41) 96543-8765,395,HZ1122,HZ3344,06:30,09:00,TRANSLADO_AEREO
198ca098-f981-45ce-92e1-cb5bbce5cf76,67544a5c-9d66-418f-9075-60e64d79e853,Aero Brasil,contato@aerobrasil.com,(51) 97890-1234,310,AB7788,AB9900,11:45,14:15,TRANSLADO_AEREO
a71e16d1-e45d-48f5-86d2-9bcf6408c938,678151d9-9b33-47da-bdea-b3ddc65936ed,FlyExpress,contato@flyexpress.com.br,(11) 98765-4321,350,EX1234,EX5678,08:00,10:30,TRANSLADO_AEREO
adf95874-8224-42b8-85f4-5d7ca1d81b75,688a5862-5ba4-4a73-9d49-50ca127d1ab9,Asas Azuis,sac@asasazuis.com,(21) 91234-5678,380,AA5678,AA1234,14:15,16:45,TRANSLADO_AEREO
6e667696-2489-4c3b-b53f-c046269a67f8,697cfc64-fbec-45d3-931a-0aa37520e901,Voe Rápido,atendimento@voerápido.com.br,(31) 95678-1234,320,VR9876,VR4321,19:00,21:30,TRANSLADO_AEREO
7143251e-afc4-4943-b099-a0d8496d05a0,698327aa-758b-41ab-978d-4b7b96b9f945,Horizonte,suporte@horizonte.com.br,(41) 96543-8765,395,HZ1122,HZ3344,06:30,09:00,TRANSLADO_AEREO
5ac825f0-6a50-453e-b6f5-60e6aa13f638,6ae8b224-fe54-47c8-81e2-1969788db3da,Aero Brasil,contato@aerobrasil.com,(51) 97890-1234,310,AB7788,AB9900,11:45,14:15,TRANSLADO_AEREO
0c5c8e85-fdc3-4053-b3af-a9900951e79b,6b6fb261-6cad-4eae-a527-eb1e9aee1f6f,FlyExpress,contato@flyexpress.com.br,(11) 98765-4321,350,EX1234,EX5678,08:00,10:30,TRANSLADO_AEREO
434bbf2d-272d-4d91-88ac-bbe957189428,6c10b511-62cd-4251-a3c0-a4909045832c,Asas Azuis,sac@asasazuis.com,(21) 91234-5678,380,AA5678,AA1234,14:15,16:45,TRANSLADO_AEREO
93f3ab4f-aed1-4878-935b-6471fd3c96ea,6c440c22-a903-4801-b706-a4036033460e,Voe Rápido,atendimento@voerápido.com.br,(31) 95678-1234,320,VR9876,VR4321,19:00,21:30,TRANSLADO_AEREO
4a1f2060-e82c-463c-8a01-ba29361b9253,6cc2f291-9c78-4724-ba74-81a9964ab671,Horizonte,suporte@horizonte.com.br,(41) 96543-8765,395,HZ1122,HZ3344,06:30,09:00,TRANSLADO_AEREO
50b83090-b42d-4eca-a63c-64e771bcbde7,6cc7c059-9b6d-49a9-aa72-e8fc74734663,Aero Brasil,contato@aerobrasil.com,(51) 97890-1234,310,AB7788,AB9900,11:45,14:15,TRANSLADO_AEREO
1b148e82-05e3-44e7-8190-8e99468e06ff,6ceb43e3-d1cf-462e-97a7-5ed05e0d24f0,FlyExpress,contato@flyexpress.com.br,(11) 98765-4321,350,EX1234,EX5678,08:00,10:30,TRANSLADO_AEREO
db70027f-82dc-4906-9e66-e119c20dd5e8,6d69321c-0b6f-4856-8cc4-1b19df9b208c,Asas Azuis,sac@asasazuis.com,(21) 91234-5678,380,AA5678,AA1234,14:15,16:45,TRANSLADO_AEREO
fc85eb93-e65b-4f43-aee5-6559d6fce6d9,6d9deb84-494a-4b7e-9dd8-f77f522a57f9,Voe Rápido,atendimento@voerápido.com.br,(31) 95678-1234,320,VR9876,VR4321,19:00,21:30,TRANSLADO_AEREO
9387bcfc-3559-4680-84c2-e78e6b822308,6dc40e62-4f59-4cf9-84d3-4bd6a355637f,Horizonte,suporte@horizonte.com.br,(41) 96543-8765,395,HZ1122,HZ3344,06:30,09:00,TRANSLADO_AEREO
ab412cdc-ff64-4df1-8566-a6fbb05c3a49,6ddd106e-ddd4-45f0-ac74-c3f28e9534e1,Aero Brasil,contato@aerobrasil.com,(51) 97890-1234,310,AB7788,AB9900,11:45,14:15,TRANSLADO_AEREO
8b8e3101-22ca-463b-95ea-c2b6967e2e0f,6f66c5d2-17ef-4752-869e-820e5d06b434,FlyExpress,contato@flyexpress.com.br,(11) 98765-4321,350,EX1234,EX5678,08:00,10:30,TRANSLADO_AEREO
effeda0c-2c3f-4a40-8176-8206a6992430,6fb07ff5-bf2e-4b04-a8e5-d4aa5a6464e3,Asas Azuis,sac@asasazuis.com,(21) 91234-5678,380,AA5678,AA1234,14:15,16:45,TRANSLADO_AEREO
c76cf543-8be4-4ffc-9ae9-8b94acfef8c0,701d2fea-09c2-4a92-ab78-3e36b423e53c,Voe Rápido,atendimento@voerápido.com.br,(31) 95678-1234,320,VR9876,VR4321,19:00,21:30,TRANSLADO_AEREO
159ce99a-cd91-4f75-8803-344ef45bc6d5,703cee4e-b091-4b1a-bdb9-9010487e71f2,Horizonte,suporte@horizonte.com.br,(41) 96543-8765,395,HZ1122,HZ3344,06:30,09:00,TRANSLADO_AEREO
6812adaa-53ec-472a-b55e-22fb8f635cae,706661bf-45ea-4b7a-ae7e-1e5ea3dfd3b1,Aero Brasil,contato@aerobrasil.com,(51) 97890-1234,310,AB7788,AB9900,11:45,14:15,TRANSLADO_AEREO
5954d078-0522-44a4-b145-5a2ace06814c,7078ea12-5d08-4fa0-9af4-668b248c5df1,FlyExpress,contato@flyexpress.com.br,(11) 98765-4321,350,EX1234,EX5678,08:00,10:30,TRANSLADO_AEREO
814161a7-e6e1-45d2-8264-2bbf7ef11764,71677bb3-1cc3-4812-a012-7b8f36d43957,Asas Azuis,sac@asasazuis.com,(21) 91234-5678,380,AA5678,AA1234,14:15,16:45,TRANSLADO_AEREO
ee0d2c20-df75-4d01-be3e-029f388b2002,72022b26-548b-45af-a4d4-ca8e7d074508,Voe Rápido,atendimento@voerápido.com.br,(31) 95678-1234,320,VR9876,VR4321,19:00,21:30,TRANSLADO_AEREO
fd7dd6ab-882c-4ffd-a061-32ae3570b0ca,72139a00-4ccb-4491-8c0c-c266c4a5be8e,Horizonte,suporte@horizonte.com.br,(41) 96543-8765,395,HZ1122,HZ3344,06:30,09:00,TRANSLADO_AEREO
cd9dc406-7366-4033-9e1e-50eb94537bcc,72ef17f4-4c22-42b9-b837-5af0a737a243,Aero Brasil,contato@aerobrasil.com,(51) 97890-1234,310,AB7788,AB9900,11:45,14:15,TRANSLADO_AEREO
54361597-71f4-4cf9-81ee-ce4142ec80f5,72ff50dc-7854-4b7b-b03c-808b10f1aa62,FlyExpress,contato@flyexpress.com.br,(11) 98765-4321,350,EX1234,EX5678,08:00,10:30,TRANSLADO_AEREO
abae9c77-4e1f-4a39-9099-3c78aa242e62,73116257-16af-4f98-8bd5-ebdc39a2f2b7,Asas Azuis,sac@asasazuis.com,(21) 91234-5678,380,AA5678,AA1234,14:15,16:45,TRANSLADO_AEREO
8bcaac53-f4d5-44cd-bc47-72289ef49021,7329e7de-2628-4ff7-8ef1-69dd7ca38883,Voe Rápido,atendimento@voerápido.com.br,(31) 95678-1234,320,VR9876,VR4321,19:00,21:30,TRANSLADO_AEREO
df1fc1e4-4889-40ef-a808-76930ee4eb16,736a1811-e306-48a1-8a02-4bd15c2a7daf,Horizonte,suporte@horizonte.com.br,(41) 96543-8765,395,HZ1122,HZ3344,06:30,09:00,TRANSLADO_AEREO
13e1329a-8cfa-453d-a00e-6d0127b66106,74352a61-4223-4f99-803e-b10bdbd9c068,Aero Brasil,contato@aerobrasil.com,(51) 97890-1234,310,AB7788,AB9900,11:45,14:15,TRANSLADO_AEREO
1903db91-ba26-4586-a993-1ca9d4866ec5,745eb1a8-ae9b-43f4-a973-61c07c9294b8,FlyExpress,contato@flyexpress.com.br,(11) 98765-4321,350,EX1234,EX5678,08:00,10:30,TRANSLADO_AEREO
50bfa552-5dc9-4bff-81ae-9eab7d56a92f,7464964d-2d19-41c3-83b6-1e17b79066ff,Asas Azuis,sac@asasazuis.com,(21) 91234-5678,380,AA5678,AA1234,14:15,16:45,TRANSLADO_AEREO
887671ee-e72d-44af-a9b9-f19ba6131a0e,74850037-daba-4b9c-9c5e-63b08bcf20e9,Voe Rápido,atendimento@voerápido.com.br,(31) 95678-1234,320,VR9876,VR4321,19:00,21:30,TRANSLADO_AEREO
971973a5-4d35-4bc4-8d8f-c1e8dd0e6fc8,74a91fd8-203e-42eb-844e-e901aa47ac01,Horizonte,suporte@horizonte.com.br,(41) 96543-8765,395,HZ1122,HZ3344,06:30,09:00,TRANSLADO_AEREO
f133a8c4-0b10-4a3c-b93c-407aac5ba805,753ceb51-347e-4e28-8faf-7100ca6aab37,Aero Brasil,contato@aerobrasil.com,(51) 97890-1234,310,AB7788,AB9900,11:45,14:15,TRANSLADO_AEREO
30939503-16e7-492b-ac05-6fca6d6fd2e8,765f6c58-692b-4b18-90f1-b029fb40937b,FlyExpress,contato@flyexpress.com.br,(11) 98765-4321,350,EX1234,EX5678,08:00,10:30,TRANSLADO_AEREO
346d45bc-6211-445b-bf36-d9d81fbeeed4,774f6a5f-4c22-472d-a3e6-5838d3f41110,Asas Azuis,sac@asasazuis.com,(21) 91234-5678,380,AA5678,AA1234,14:15,16:45,TRANSLADO_AEREO
59008c9d-c70c-4078-8b58-1e1179f5fe43,77a28858-2987-49fc-8f51-92a4c960a360,Voe Rápido,atendimento@voerápido.com.br,(31) 95678-1234,320,VR9876,VR4321,19:00,21:30,TRANSLADO_AEREO
5241cbba-19a5-4f4c-8389-6b6dd6b3b980,783d75f8-be95-477b-b999-b132e44f5342,Horizonte,suporte@horizonte.com.br,(41) 96543-8765,395,HZ1122,HZ3344,06:30,09:00,TRANSLADO_AEREO
e0a0a532-0bdf-405a-aaac-96e544e75427,78731426-c8bc-4942-909d-a08c440af024,Aero Brasil,contato@aerobrasil.com,(51) 97890-1234,310,AB7788,AB9900,11:45,14:15,TRANSLADO_AEREO
3ab9eb38-2722-40f8-be1e-340c865f8524,79a0ca89-b5e9-47fd-9cf9-f71263524be9,FlyExpress,contato@flyexpress.com.br,(11) 98765-4321,350,EX1234,EX5678,08:00,10:30,TRANSLADO_AEREO
8722f56a-671c-43ce-92aa-455697459bd1,79a9490b-eed1-4171-be66-b7036f78f8ad,Asas Azuis,sac@asasazuis.com,(21) 91234-5678,380,AA5678,AA1234,14:15,16:45,TRANSLADO_AEREO
c56be0d4-9aaf-48b1-9ef4-cdd4a36f0037,7b44c71b-f717-4d8f-adef-cb43d8219bba,Voe Rápido,atendimento@voerápido.com.br,(31) 95678-1234,320,VR9876,VR4321,19:00,21:30,TRANSLADO_AEREO
d4de2e5e-9cb6-48ae-96c4-49024eccee49,7b674258-bd87-409b-83ea-8d6b62b5d301,Horizonte,suporte@horizonte.com.br,(41) 96543-8765,395,HZ1122,HZ3344,06:30,09:00,TRANSLADO_AEREO
0573a0ac-aff8-415f-a310-6caed9750335,7b68e798-56c7-40e6-86b8-e1ce6ba0eafc,Aero Brasil,contato@aerobrasil.com,(51) 97890-1234,310,AB7788,AB9900,11:45,14:15,TRANSLADO_AEREO
80b75050-427c-42f4-b90e-3c56d5c00a96,7c94ec26-9e8d-4cf9-8a10-bbe96ea0a378,FlyExpress,contato@flyexpress.com.br,(11) 98765-4321,350,EX1234,EX5678,08:00,10:30,TRANSLADO_AEREO
d8622c15-6139-4558-a6c0-d1cc7f5b8864,7d55e6fd-9665-429b-a46c-f5b36c130fde,Asas Azuis,sac@asasazuis.com,(21) 91234-5678,380,AA5678,AA1234,14:15,16:45,TRANSLADO_AEREO
5b87fdc8-db20-4f3c-bfa3-b392c00dcf2c,7d63d0bc-aab1-4af8-8261-3da7aa59da57,Voe Rápido,atendimento@voerápido.com.br,(31) 95678-1234,320,VR9876,VR4321,19:00,21:30,TRANSLADO_AEREO
8bc83e17-af65-4852-8a99-736d123dcf1b,7d7d94f7-619c-4185-b3d2-f462cb02b151,Horizonte,suporte@horizonte.com.br,(41) 96543-8765,395,HZ1122,HZ3344,06:30,09:00,TRANSLADO_AEREO
86879715-8b59-4c93-8e51-3e1b3f875e5f,7e2ec396-feb0-4f97-8284-628db6735959,Aero Brasil,contato@aerobrasil.com,(51) 97890-1234,310,AB7788,AB9900,11:45,14:15,TRANSLADO_AEREO
92982ae9-ac81-452f-a7f2-95f3aac31a50,7f0ffc97-41a5-4791-a30a-0e8f9d537330,FlyExpress,contato@flyexpress.com.br,(11) 98765-4321,350,EX1234,EX5678,08:00,10:30,TRANSLADO_AEREO
43337469-e585-4529-a1d5-15ddca08e701,7f4bc512-c370-4417-a9da-bceb2814ccdf,Asas Azuis,sac@asasazuis.com,(21) 91234-5678,380,AA5678,AA1234,14:15,16:45,TRANSLADO_AEREO
7656db3f-46bb-421b-8960-694da59a24fd,7fb69665-03ea-4655-a225-47abc52b7d5f,Voe Rápido,atendimento@voerápido.com.br,(31) 95678-1234,320,VR9876,VR4321,19:00,21:30,TRANSLADO_AEREO
b18d1f2d-2870-4639-aa96-8c5abd4dbca4,7fe1bbf6-812f-445d-90a1-0429c98e16ed,Horizonte,suporte@horizonte.com.br,(41) 96543-8765,395,HZ1122,HZ3344,06:30,09:00,TRANSLADO_AEREO
389394c0-2fb9-4383-b6db-aa45d9006b8a,80021eef-7a82-463b-8df4-1521c386adb3,Aero Brasil,contato@aerobrasil.com,(51) 97890-1234,310,AB7788,AB9900,11:45,14:15,TRANSLADO_AEREO
5c57a841-bb99-4928-9cbf-d9ea0d7d5ecb,8012a90c-f936-4763-8644-36b27b361964,FlyExpress,contato@flyexpress.com.br,(11) 98765-4321,350,EX1234,EX5678,08:00,10:30,TRANSLADO_AEREO
9383c7af-8ff2-4dce-8099-2cf71547510f,806029ff-af3f-42c0-b539-2b4a96c754b0,Asas Azuis,sac@asasazuis.com,(21) 91234-5678,380,AA5678,AA1234,14:15,16:45,TRANSLADO_AEREO
890302d6-a587-4362-b217-ea6b33b82529,806e7f2c-490e-440b-a839-94489282ce74,Voe Rápido,atendimento@voerápido.com.br,(31) 95678-1234,320,VR9876,VR4321,19:00,21:30,TRANSLADO_AEREO
5a7ecda1-13f1-40ea-8238-98d32e2932bb,807305f1-89aa-468d-b3a3-1d984989e434,Horizonte,suporte@horizonte.com.br,(41) 96543-8765,395,HZ1122,HZ3344,06:30,09:00,TRANSLADO_AEREO
1b5670b6-c984-47e8-8816-9eec605c9866,80dc78b5-76b6-455a-8c89-df6c15854e4a,Aero Brasil,contato@aerobrasil.com,(51) 97890-1234,310,AB7788,AB9900,11:45,14:15,TRANSLADO_AEREO
7180d6e6-a1a9-4efc-aa3c-bc6a4556d86d,817d1eb7-9e9c-4b7f-895a-59124432ade5,FlyExpress,contato@flyexpress.com.br,(11) 98765-4321,350,EX1234,EX5678,08:00,10:30,TRANSLADO_AEREO
06fad0f3-d732-4ccf-bec1-754b2d2c8ec0,8207f059-5d69-4667-a6bc-7e29189b9a71,Asas Azuis,sac@asasazuis.com,(21) 91234-5678,380,AA5678,AA1234,14:15,16:45,TRANSLADO_AEREO
2a21dfb6-a717-4a2a-8e14-c300ce7eb315,824e6b9a-8578-45a6-aa72-914cdef56416,Voe Rápido,atendimento@voerápido.com.br,(31) 95678-1234,320,VR9876,VR4321,19:00,21:30,TRANSLADO_AEREO
c61eafda-3911-4e3b-8013-cb28e07dffa8,82d38739-0035-41ba-b5c5-cc8061ffde92,Horizonte,suporte@horizonte.com.br,(41) 96543-8765,395,HZ1122,HZ3344,06:30,09:00,TRANSLADO_AEREO
61a9ce63-7ec8-497c-b3f1-a511eadc57fc,83b6d9fd-afdd-431e-91c4-a7c55779c896,Aero Brasil,contato@aerobrasil.com,(51) 97890-1234,310,AB7788,AB9900,11:45,14:15,TRANSLADO_AEREO
8fcb181c-4b4d-4ccc-a689-ccae19afa61a,84b27863-4703-4f98-b49b-985cebefcf61,FlyExpress,contato@flyexpress.com.br,(11) 98765-4321,350,EX1234,EX5678,08:00,10:30,TRANSLADO_AEREO
34324a65-fd50-4c5a-8ded-3b37cd4d5c02,85b0d2a8-a365-4f81-8fd5-8db1fe18e519,Asas Azuis,sac@asasazuis.com,(21) 91234-5678,380,AA5678,AA1234,14:15,16:45,TRANSLADO_AEREO
d91cf332-f831-44d8-992f-bb01e7fc50f4,86154473-4d78-4190-a250-338c70a93328,Voe Rápido,atendimento@voerápido.com.br,(31) 95678-1234,320,VR9876,VR4321,19:00,21:30,TRANSLADO_AEREO
bfab8d10-7037-4453-9bcb-4014b08530e9,864a5835-26b7-49ec-8992-d6f3f331e098,Horizonte,suporte@horizonte.com.br,(41) 96543-8765,395,HZ1122,HZ3344,06:30,09:00,TRANSLADO_AEREO
78e9d6ac-216e-4853-a6b6-47779e0aa479,86b584e9-a768-4cf7-930a-cdd7a9f6a20d,Aero Brasil,contato@aerobrasil.com,(51) 97890-1234,310,AB7788,AB9900,11:45,14:15,TRANSLADO_AEREO
91e205fd-3b57-4c13-ab11-fe886cabdab8,8716586a-0e48-4fb9-849e-eaca6ec9e14f,FlyExpress,contato@flyexpress.com.br,(11) 98765-4321,350,EX1234,EX5678,08:00,10:30,TRANSLADO_AEREO
99c5d2df-a589-4b2d-b768-2e65f45e8d2f,87d32278-3eda-4477-af5e-68d62c674131,Asas Azuis,sac@asasazuis.com,(21) 91234-5678,380,AA5678,AA1234,14:15,16:45,TRANSLADO_AEREO
1010b9e5-fb3a-4e81-9176-c341b1f6b9ed,883898be-bf67-4d2a-a9f0-26394a4e3f0a,Voe Rápido,atendimento@voerápido.com.br,(31) 95678-1234,320,VR9876,VR4321,19:00,21:30,TRANSLADO_AEREO
1bbe1c3a-cc67-4f00-8940-27bfd0ea618b,88a82025-3192-4381-80a4-91664fc32570,Horizonte,suporte@horizonte.com.br,(41) 96543-8765,395,HZ1122,HZ3344,06:30,09:00,TRANSLADO_AEREO
1bd05a7a-4294-4d92-b198-c09db04185a0,8ace33d9-2316-4f5f-8671-6d43036c4ba1,Aero Brasil,contato@aerobrasil.com,(51) 97890-1234,310,AB7788,AB9900,11:45,14:15,TRANSLADO_AEREO
3e96c2d5-cc02-44c4-a193-5d3ba6a3626d,8ae5f71c-08b1-411b-9913-a62475ee2b4f,FlyExpress,contato@flyexpress.com.br,(11) 98765-4321,350,EX1234,EX5678,08:00,10:30,TRANSLADO_AEREO
682ef86a-9bbf-4ad1-b26d-735b6c30a369,8b684cfa-ac6e-4cf5-b160-8da85866c225,Asas Azuis,sac@asasazuis.com,(21) 91234-5678,380,AA5678,AA1234,14:15,16:45,TRANSLADO_AEREO
c865d0f4-80cd-4c9d-a198-a788df28b459,8b7ef3c1-222c-4b76-a36a-98d363f946bf,Voe Rápido,atendimento@voerápido.com.br,(31) 95678-1234,320,VR9876,VR4321,19:00,21:30,TRANSLADO_AEREO
48e52550-1315-4e1b-9e5a-cc2cf286d7d0,8c6c91f9-ebd2-43ec-8568-ede1e4b6b284,Horizonte,suporte@horizonte.com.br,(41) 96543-8765,395,HZ1122,HZ3344,06:30,09:00,TRANSLADO_AEREO
3adc989d-feb0-42d9-906e-b1dbd9ce8d91,8cd5e2fd-2072-4357-90fd-75d8a6d44853,Aero Brasil,contato@aerobrasil.com,(51) 97890-1234,310,AB7788,AB9900,11:45,14:15,TRANSLADO_AEREO
e5f50188-5f2d-4a54-b80c-b1ecd8ecfbc5,8d2670a8-faca-44aa-8b72-07143f5b9f28,FlyExpress,contato@flyexpress.com.br,(11) 98765-4321,350,EX1234,EX5678,08:00,10:30,TRANSLADO_AEREO
ef4f081c-292e-4295-bd93-039368be7694,8d2d998f-6d4c-4f3f-bdca-6e32100aa185,Asas Azuis,sac@asasazuis.com,(21) 91234-5678,380,AA5678,AA1234,14:15,16:45,TRANSLADO_AEREO
5fc335de-6ff7-40d8-8a02-d11cb9668ae9,8d7cf602-e7b6-4576-965d-0d43fb04f5f1,Voe Rápido,atendimento@voerápido.com.br,(31) 95678-1234,320,VR9876,VR4321,19:00,21:30,TRANSLADO_AEREO
6d4f50ed-2551-4033-ac49-1c62a804d5aa,8d965d0f-ae8e-41e0-8a0b-81cfccf70e43,Horizonte,suporte@horizonte.com.br,(41) 96543-8765,395,HZ1122,HZ3344,06:30,09:00,TRANSLADO_AEREO
57920641-ffe7-41e0-9c2f-c9df9d45b6a2,8f321cb5-80d1-4334-9a82-8624e77586d4,Aero Brasil,contato@aerobrasil.com,(51) 97890-1234,310,AB7788,AB9900,11:45,14:15,TRANSLADO_AEREO
7299a3e2-6a06-4adc-8d7d-579dd1be76a9,8f973b1b-0d92-40db-9882-384b196b6a48,FlyExpress,contato@flyexpress.com.br,(11) 98765-4321,350,EX1234,EX5678,08:00,10:30,TRANSLADO_AEREO
8728fcbe-7430-4454-82f6-7b4ea7a510ab,90b89e93-22d9-4795-8869-49c0d87d28c1,Asas Azuis,sac@asasazuis.com,(21) 91234-5678,380,AA5678,AA1234,14:15,16:45,TRANSLADO_AEREO
675ed22e-f5fc-4a19-9b6c-29cc4f19a2f9,91b99c1a-3f9a-4452-b274-163702966dfe,Voe Rápido,atendimento@voerápido.com.br,(31) 95678-1234,320,VR9876,VR4321,19:00,21:30,TRANSLADO_AEREO
e91dcebb-c081-4004-a6eb-cd151baa641e,91c0ecde-a93e-486b-9ef5-c6c504e4215c,Horizonte,suporte@horizonte.com.br,(41) 96543-8765,395,HZ1122,HZ3344,06:30,09:00,TRANSLADO_AEREO
ca45a3e6-dc0f-4550-9bb1-43a97faff56e,91d360bc-bd7e-414c-afcd-22ee98c9fcb5,Aero Brasil,contato@aerobrasil.com,(51) 97890-1234,310,AB7788,AB9900,11:45,14:15,TRANSLADO_AEREO
372728b7-339d-4b5a-bb58-2204a8c05c18,928f83c9-d30f-41be-9e7f-26c62093e634,FlyExpress,contato@flyexpress.com.br,(11) 98765-4321,350,EX1234,EX5678,08:00,10:30,TRANSLADO_AEREO
682e712c-2393-40f0-a5dd-32e36ee8cc58,92b34211-c403-436d-ae29-c137681876a0,Asas Azuis,sac@asasazuis.com,(21) 91234-5678,380,AA5678,AA1234,14:15,16:45,TRANSLADO_AEREO
4bf8a200-f8f6-453a-ae69-c9dc6db93753,92fecef1-ece8-462f-902c-49c170848bf9,Voe Rápido,atendimento@voerápido.com.br,(31) 95678-1234,320,VR9876,VR4321,19:00,21:30,TRANSLADO_AEREO
7104ec61-97a2-40ce-b104-309606d73df1,93446483-5103-40eb-9060-ec9708cbb6bb,Horizonte,suporte@horizonte.com.br,(41) 96543-8765,395,HZ1122,HZ3344,06:30,09:00,TRANSLADO_AEREO
939f7341-875f-490e-9919-75af88389c24,93737505-37c7-44c3-bf8e-1f93e5f32b9e,Aero Brasil,contato@aerobrasil.com,(51) 97890-1234,310,AB7788,AB9900,11:45,14:15,TRANSLADO_AEREO
811dc7ca-3be3-4aa2-9ebc-bbf1dc6595b4,93864653-dd8b-4502-ab4b-01881ad6a333,FlyExpress,contato@flyexpress.com.br,(11) 98765-4321,350,EX1234,EX5678,08:00,10:30,TRANSLADO_AEREO
f8a9983b-d4d8-44ec-b7f5-10ed62cbc616,944114ad-714a-4264-bc6e-9cd2a664cc8d,Asas Azuis,sac@asasazuis.com,(21) 91234-5678,380,AA5678,AA1234,14:15,16:45,TRANSLADO_AEREO
7c5b5e74-d243-4325-94a5-9cadc8a0ac39,94e1804d-5e97-4b0d-be25-e08c3f8041bb,Voe Rápido,atendimento@voerápido.com.br,(31) 95678-1234,320,VR9876,VR4321,19:00,21:30,TRANSLADO_AEREO
b9a2aecb-ac53-420e-9bbb-d8ac1de47013,95541d65-66de-47c8-a8d1-9b609d88f3f2,Horizonte,suporte@horizonte.com.br,(41) 96543-8765,395,HZ1122,HZ3344,06:30,09:00,TRANSLADO_AEREO
f6a82c2d-a203-4c70-9963-8a37566ad422,96788f0f-9739-40a8-b8a2-24483783a36d,Aero Brasil,contato@aerobrasil.com,(51) 97890-1234,310,AB7788,AB9900,11:45,14:15,TRANSLADO_AEREO
e5d0cdf7-327b-489f-9881-55e6e81a4b8c,96a9669b-0030-45dd-bd4a-06309c42f0c2,FlyExpress,contato@flyexpress.com.br,(11) 98765-4321,350,EX1234,EX5678,08:00,10:30,TRANSLADO_AEREO
d8cd043c-8282-4132-a9ab-8264cced5aa3,97585131-258c-4d63-bf48-f9798ac9a0ba,Asas Azuis,sac@asasazuis.com,(21) 91234-5678,380,AA5678,AA1234,14:15,16:45,TRANSLADO_AEREO
fb369916-cc02-4b39-bfea-dc21654ea7ff,97805e9a-bfe3-427e-976b-7d65d5549478,Voe Rápido,atendimento@voerápido.com.br,(31) 95678-1234,320,VR9876,VR4321,19:00,21:30,TRANSLADO_AEREO
bdb22522-d8c8-46e0-87e4-1b85f57843d2,9798a2f0-80f8-4ff4-a0fe-035d7698376a,Horizonte,suporte@horizonte.com.br,(41) 96543-8765,395,HZ1122,HZ3344,06:30,09:00,TRANSLADO_AEREO
ee58551d-2ff2-4198-b922-774b2f95d75a,98922eb7-e837-4542-bf15-e726f3df9f28,Aero Brasil,contato@aerobrasil.com,(51) 97890-1234,310,AB7788,AB9900,11:45,14:15,TRANSLADO_AEREO
f1f45e15-9ebd-4692-ba0a-4e7a5bae4b9e,98a4f410-2cb1-4698-ae1d-00cded6ed5a0,FlyExpress,contato@flyexpress.com.br,(11) 98765-4321,350,EX1234,EX5678,08:00,10:30,TRANSLADO_AEREO
9aaa60b5-9cbd-4eb2-8317-c9c3c1cd8ee3,992e4262-2bb4-4a41-8b1d-2d0cf32d1da9,Asas Azuis,sac@asasazuis.com,(21) 91234-5678,380,AA5678,AA1234,14:15,16:45,TRANSLADO_AEREO
f4841941-8619-4ae2-b3b3-1d5b712b2683,995e316b-f522-42c9-9a1c-3b5e89d0bec4,Voe Rápido,atendimento@voerápido.com.br,(31) 95678-1234,320,VR9876,VR4321,19:00,21:30,TRANSLADO_AEREO
de0f2cb4-b8d4-4660-b221-fa722b92fa89,99cb81ab-a58a-48ee-a165-0fd6f42d30e6,Horizonte,suporte@horizonte.com.br,(41) 96543-8765,395,HZ1122,HZ3344,06:30,09:00,TRANSLADO_AEREO
aeeb1946-45ae-468e-a77f-647c4f0a7891,9a9a2e5f-6edd-4e19-9b31-278976594ad3,Aero Brasil,contato@aerobrasil.com,(51) 97890-1234,310,AB7788,AB9900,11:45,14:15,TRANSLADO_AEREO
9f75b24a-98d4-4c09-ab30-f41d3174f47c,9adc4c9a-dfcc-4206-91c9-e94a557bbfda,FlyExpress,contato@flyexpress.com.br,(11) 98765-4321,350,EX1234,EX5678,08:00,10:30,TRANSLADO_AEREO
b97a2da6-029a-4bbe-a41c-6978f9cb8998,9ae4bfbb-bbc4-4a76-9c9b-96e6d9adc579,Asas Azuis,sac@asasazuis.com,(21) 91234-5678,380,AA5678,AA1234,14:15,16:45,TRANSLADO_AEREO
a3f9a967-4e6b-4acb-8f0b-224263ae7bd2,9b2652bc-267d-4bd0-a67d-8c92bfb85973,Voe Rápido,atendimento@voerápido.com.br,(31) 95678-1234,320,VR9876,VR4321,19:00,21:30,TRANSLADO_AEREO
d47ac8b2-2a43-4f17-9e43-b6641d2cb6a4,9b408b11-a3f5-43c6-a491-a9dcc8965b10,Horizonte,suporte@horizonte.com.br,(41) 96543-8765,395,HZ1122,HZ3344,06:30,09:00,TRANSLADO_AEREO
93e80395-c9bb-44f0-9916-4a0e2e01251a,9cb4a09e-d10d-4467-ba57-5a381ad277e8,Aero Brasil,contato@aerobrasil.com,(51) 97890-1234,310,AB7788,AB9900,11:45,14:15,TRANSLADO_AEREO
1c3498ef-0698-4eb1-b213-e77386d3ec81,9d40282d-3397-4383-b8f7-ae055c7066ca,FlyExpress,contato@flyexpress.com.br,(11) 98765-4321,350,EX1234,EX5678,08:00,10:30,TRANSLADO_AEREO
0c83a060-f758-40d5-8dfd-fc246798ce40,9d79a812-ee02-4a1e-a904-104e295a4623,Asas Azuis,sac@asasazuis.com,(21) 91234-5678,380,AA5678,AA1234,14:15,16:45,TRANSLADO_AEREO
9ccf26cc-1765-48ed-9e74-f0675361b7b5,9fdbf59b-3c92-4c99-a939-9ba03643c2e5,Voe Rápido,atendimento@voerápido.com.br,(31) 95678-1234,320,VR9876,VR4321,19:00,21:30,TRANSLADO_AEREO
26c4840d-2ac6-4ff9-b8ea-23767d59b87e,a0282335-c730-4777-a6bc-0d0dc3c5b877,Horizonte,suporte@horizonte.com.br,(41) 96543-8765,395,HZ1122,HZ3344,06:30,09:00,TRANSLADO_AEREO
b53c02fe-ac41-4c52-9878-96619fc13646,a3367a0f-8262-4a90-89e5-f330254b900e,Aero Brasil,contato@aerobrasil.com,(51) 97890-1234,310,AB7788,AB9900,11:45,14:15,TRANSLADO_AEREO
5335259b-d231-4076-b7cb-11a3a291793a,a33b826f-6a19-4b28-b83e-1b253b221231,FlyExpress,contato@flyexpress.com.br,(11) 98765-4321,350,EX1234,EX5678,08:00,10:30,TRANSLADO_AEREO
797c4a53-9094-4894-8667-aff3bb35a8ed,a43b06e9-ab80-4517-a3c8-72b5da7dfcfc,Asas Azuis,sac@asasazuis.com,(21) 91234-5678,380,AA5678,AA1234,14:15,16:45,TRANSLADO_AEREO
b2980040-0a06-4303-8c58-c42861560ab9,a466a81e-d4bb-43b4-bac5-ef5163531835,Voe Rápido,atendimento@voerápido.com.br,(31) 95678-1234,320,VR9876,VR4321,19:00,21:30,TRANSLADO_AEREO
94c28aa5-34e3-4407-9871-7fd2a48b61ed,a46d6ac0-2556-487b-86d9-b9db5f424f7c,Horizonte,suporte@horizonte.com.br,(41) 96543-8765,395,HZ1122,HZ3344,06:30,09:00,TRANSLADO_AEREO
6586fe83-d126-4c98-8c83-e1019f8b26b6,a4e7c5c2-40c7-41b3-8997-95716e7eaa30,Aero Brasil,contato@aerobrasil.com,(51) 97890-1234,310,AB7788,AB9900,11:45,14:15,TRANSLADO_AEREO
6b30b5bf-2750-44e4-b428-7c3cafb26092,a4f56bd1-0443-4633-a3ac-610518fb5e67,FlyExpress,contato@flyexpress.com.br,(11) 98765-4321,350,EX1234,EX5678,08:00,10:30,TRANSLADO_AEREO
636783f7-c5b2-4167-9d03-2a80dc5612b3,a6764bcb-c75d-4e9f-a2ba-160b218bd5b6,Asas Azuis,sac@asasazuis.com,(21) 91234-5678,380,AA5678,AA1234,14:15,16:45,TRANSLADO_AEREO
71dd72ea-cc28-4d87-91f1-6a92ac982c63,a71a2bb2-3c12-4b5d-89d5-5d8514909b1f,Voe Rápido,atendimento@voerápido.com.br,(31) 95678-1234,320,VR9876,VR4321,19:00,21:30,TRANSLADO_AEREO
96ddafc2-5fd9-4691-8040-90a687dee0c3,a74f639c-f3da-486e-9e7f-a1a82ec34e81,Horizonte,suporte@horizonte.com.br,(41) 96543-8765,395,HZ1122,HZ3344,06:30,09:00,TRANSLADO_AEREO
756b9d58-4bf6-4497-a4cd-c7041252531e,a77b3a6a-1058-47d6-a638-2c7d271575bb,Aero Brasil,contato@aerobrasil.com,(51) 97890-1234,310,AB7788,AB9900,11:45,14:15,TRANSLADO_AEREO
47f6504b-8277-44ba-9d41-d34ac92fb273,a7fdad6c-96ab-4449-8123-10b472155412,FlyExpress,contato@flyexpress.com.br,(11) 98765-4321,350,EX1234,EX5678,08:00,10:30,TRANSLADO_AEREO
936cdd62-98ef-432b-905a-6dcaf3a191a5,a8c200e7-f4d0-4d88-9edf-dc77ac31b0a3,Asas Azuis,sac@asasazuis.com,(21) 91234-5678,380,AA5678,AA1234,14:15,16:45,TRANSLADO_AEREO
d5d0ccdf-3a35-4377-a0ea-da4a6e79157d,a9a15aa7-3be3-4298-b886-7d7a9296be72,Voe Rápido,atendimento@voerápido.com.br,(31) 95678-1234,320,VR9876,VR4321,19:00,21:30,TRANSLADO_AEREO
1531ddc8-4fe1-4168-97ea-b1b6464f22e1,a9e996f7-1958-412a-bb4d-c6bcd0b8b485,Horizonte,suporte@horizonte.com.br,(41) 96543-8765,395,HZ1122,HZ3344,06:30,09:00,TRANSLADO_AEREO
9a2b743d-226d-45d0-8dee-2989362dc656,aa849c8b-42ca-4ad2-852f-f9c289618b41,Aero Brasil,contato@aerobrasil.com,(51) 97890-1234,310,AB7788,AB9900,11:45,14:15,TRANSLADO_AEREO
e4992ca5-e291-4e98-847d-dc0204c616b7,aaa94aaa-1d22-4fd3-97e5-d2751939d2e3,FlyExpress,contato@flyexpress.com.br,(11) 98765-4321,350,EX1234,EX5678,08:00,10:30,TRANSLADO_AEREO
2a310f95-218f-47fc-8868-9eaaf6223636,aacf2f4c-aff9-41f2-bf7a-cecf0fdfc2e6,Asas Azuis,sac@asasazuis.com,(21) 91234-5678,380,AA5678,AA1234,14:15,16:45,TRANSLADO_AEREO
58d12e84-2977-4626-b289-5683f317effc,aad668ed-8084-4b37-b3df-7480b3796291,Voe Rápido,atendimento@voerápido.com.br,(31) 95678-1234,320,VR9876,VR4321,19:00,21:30,TRANSLADO_AEREO
a39fdaf5-fc01-4f14-8664-842649cf0993,aaf7bd2c-c0a7-41f5-a354-23dddc384875,Horizonte,suporte@horizonte.com.br,(41) 96543-8765,395,HZ1122,HZ3344,06:30,09:00,TRANSLADO_AEREO
759b6923-e39d-4022-9975-8c3d0e7d7b7b,aba210ec-d02b-4f8e-bb79-6801fa78de79,Aero Brasil,contato@aerobrasil.com,(51) 97890-1234,310,AB7788,AB9900,11:45,14:15,TRANSLADO_AEREO
9c282805-2541-4086-9498-603644b4e56b,abb66fe6-d806-42d1-80ad-7e56f9aa6d47,FlyExpress,contato@flyexpress.com.br,(11) 98765-4321,350,EX1234,EX5678,08:00,10:30,TRANSLADO_AEREO
120d7343-a5b4-435d-b60a-cc1c941f7840,ae28f840-4d17-4e09-af46-391ba64f29c4,Asas Azuis,sac@asasazuis.com,(21) 91234-5678,380,AA5678,AA1234,14:15,16:45,TRANSLADO_AEREO
726c078b-b953-4ace-abfb-8985e5ee7a40,afcb5674-bfdd-47af-862b-41c5f33f7ff4,Voe Rápido,atendimento@voerápido.com.br,(31) 95678-1234,320,VR9876,VR4321,19:00,21:30,TRANSLADO_AEREO
4a916b28-1021-4f16-9657-8cc93e1fc4b4,afcf8fed-7069-4201-ba43-edeb61e0098f,Horizonte,suporte@horizonte.com.br,(41) 96543-8765,395,HZ1122,HZ3344,06:30,09:00,TRANSLADO_AEREO
2ce3a407-f5b6-4e56-b5f8-d9827e54f0f6,aff7cca6-f074-465a-be42-903981d30bb6,Aero Brasil,contato@aerobrasil.com,(51) 97890-1234,310,AB7788,AB9900,11:45,14:15,TRANSLADO_AEREO
dc695b30-fc86-489d-9db3-4f1cdfe8a94c,b05410c1-e356-4587-bf84-50f347763f34,FlyExpress,contato@flyexpress.com.br,(11) 98765-4321,350,EX1234,EX5678,08:00,10:30,TRANSLADO_AEREO
4f3ba580-734f-421a-bbd2-bba9b8a2f33e,b05b2427-c47a-4cdf-8183-669b8f7bd3a5,Asas Azuis,sac@asasazuis.com,(21) 91234-5678,380,AA5678,AA1234,14:15,16:45,TRANSLADO_AEREO
7081f21e-2e2f-4fae-b061-9239aa77c8fa,b0e56445-72cf-4774-97f8-a4300e66dc41,Voe Rápido,atendimento@voerápido.com.br,(31) 95678-1234,320,VR9876,VR4321,19:00,21:30,TRANSLADO_AEREO
0f285001-219f-4629-ac86-0b4036e54081,b0e816ac-0401-473f-94c8-3f399f15c582,Horizonte,suporte@horizonte.com.br,(41) 96543-8765,395,HZ1122,HZ3344,06:30,09:00,TRANSLADO_AEREO
8cf71634-66f8-4721-b629-5319355256f6,b2049083-7a11-4a0a-a66a-a458c24cf86b,Aero Brasil,contato@aerobrasil.com,(51) 97890-1234,310,AB7788,AB9900,11:45,14:15,TRANSLADO_AEREO
85fdbfd2-08b1-498a-8b7b-e6a4b79689d6,b269eaa2-c556-4332-9444-b41866743db0,FlyExpress,contato@flyexpress.com.br,(11) 98765-4321,350,EX1234,EX5678,08:00,10:30,TRANSLADO_AEREO
d49881a7-20a9-4062-8676-82b6e0d35988,b2a5ee23-fd6b-444f-8866-2b2adee1a59c,Asas Azuis,sac@asasazuis.com,(21) 91234-5678,380,AA5678,AA1234,14:15,16:45,TRANSLADO_AEREO
6a41a652-1ad7-4544-bf76-16285025a99d,b33b3db2-f108-446e-8dc6-ad5b1ae88089,Voe Rápido,atendimento@voerápido.com.br,(31) 95678-1234,320,VR9876,VR4321,19:00,21:30,TRANSLADO_AEREO
d6b3ebd1-e363-4d52-a17d-37a5f660e746,b386ec56-232f-41bf-9f7f-402b643c501c,Horizonte,suporte@horizonte.com.br,(41) 96543-8765,395,HZ1122,HZ3344,06:30,09:00,TRANSLADO_AEREO
42940e7d-f2bd-4dca-af51-87065481bbea,b4348c8a-56db-4ad2-97b2-1927e872ae16,Aero Brasil,contato@aerobrasil.com,(51) 97890-1234,310,AB7788,AB9900,11:45,14:15,TRANSLADO_AEREO
a9021884-e0de-4de0-9a09-bcf898cdd3e9,b548dc5b-3ce8-494d-8cb3-aaffd147b13a,FlyExpress,contato@flyexpress.com.br,(11) 98765-4321,350,EX1234,EX5678,08:00,10:30,TRANSLADO_AEREO
9ef04f9c-7f95-445e-8d37-eca8bc19df2b,b5ba6e9a-210b-4851-9d91-902ba5866357,Asas Azuis,sac@asasazuis.com,(21) 91234-5678,380,AA5678,AA1234,14:15,16:45,TRANSLADO_AEREO
7f7e9c22-9c7a-4a9d-a19d-56b9f17c7256,b5c2234b-a92b-4f18-938e-7dd0e6e16f97,Voe Rápido,atendimento@voerápido.com.br,(31) 95678-1234,320,VR9876,VR4321,19:00,21:30,TRANSLADO_AEREO
66ea816d-69ab-4ba7-8702-5aa15a552e3a,b6000fc5-e6ea-46d8-ae12-72e2cb11f6d4,Horizonte,suporte@horizonte.com.br,(41) 96543-8765,395,HZ1122,HZ3344,06:30,09:00,TRANSLADO_AEREO
dd752c67-0ae2-460a-92d0-715c7be2db31,b6049ff6-00aa-4325-8029-8f2b3522e234,Aero Brasil,contato@aerobrasil.com,(51) 97890-1234,310,AB7788,AB9900,11:45,14:15,TRANSLADO_AEREO
f8a88bfd-ca27-49db-bcb7-bcc2ed5c2b84,b6ba9b70-5c0a-439c-a39a-512ff54eaa12,FlyExpress,contato@flyexpress.com.br,(11) 98765-4321,350,EX1234,EX5678,08:00,10:30,TRANSLADO_AEREO
97877dad-5d8e-4350-b335-147bc27fbb88,b7246e27-fa87-4971-9b91-d09a63050445,Asas Azuis,sac@asasazuis.com,(21) 91234-5678,380,AA5678,AA1234,14:15,16:45,TRANSLADO_AEREO
96fb5ab9-b0ca-4f9d-95c7-5f2dd5dd3597,b776b90a-2a72-452d-8ccb-156f35cbe131,Voe Rápido,atendimento@voerápido.com.br,(31) 95678-1234,320,VR9876,VR4321,19:00,21:30,TRANSLADO_AEREO
cfea88e1-d8ae-44f3-b2f7-6c57b901bd92,b7ce7616-7e61-4cca-9e3f-ae8e5996d904,Horizonte,suporte@horizonte.com.br,(41) 96543-8765,395,HZ1122,HZ3344,06:30,09:00,TRANSLADO_AEREO
dc01093a-4262-4060-9956-31126f940153,b7d860a8-c6af-49ea-946d-27168b922e6c,Aero Brasil,contato@aerobrasil.com,(51) 97890-1234,310,AB7788,AB9900,11:45,14:15,TRANSLADO_AEREO
a6b0b3a1-b291-4715-a40f-7f40d8704573,b895630b-5c54-4699-86d1-d3397ccbc0fd,FlyExpress,contato@flyexpress.com.br,(11) 98765-4321,350,EX1234,EX5678,08:00,10:30,TRANSLADO_AEREO
82c744d9-fde4-40b0-b42a-9f396a18c7bc,b8b48cbf-3492-4441-8fac-ee7011b86f51,Asas Azuis,sac@asasazuis.com,(21) 91234-5678,380,AA5678,AA1234,14:15,16:45,TRANSLADO_AEREO
37646a4d-4cd9-4c0d-9522-df6bce5a0302,b9675016-a1ea-4d1f-aa9b-90858792ad20,Voe Rápido,atendimento@voerápido.com.br,(31) 95678-1234,320,VR9876,VR4321,19:00,21:30,TRANSLADO_AEREO
d6d15876-73e9-44c6-a9b3-8fb818ec3353,b9a43bd5-bfcd-4953-80d7-07ddae2f565c,Horizonte,suporte@horizonte.com.br,(41) 96543-8765,395,HZ1122,HZ3344,06:30,09:00,TRANSLADO_AEREO
27cf7f76-a100-4f6f-85d5-b837cdaeb274,baa1f373-26c9-4db2-a3a9-3877aa1f4824,Aero Brasil,contato@aerobrasil.com,(51) 97890-1234,310,AB7788,AB9900,11:45,14:15,TRANSLADO_AEREO
a1814ff9-bce4-4ce5-aeac-05a372c95e41,baccc15a-e666-44b9-bf40-b1ba442fa08d,FlyExpress,contato@flyexpress.com.br,(11) 98765-4321,350,EX1234,EX5678,08:00,10:30,TRANSLADO_AEREO
11b53866-30ec-426b-a728-ab67946867f1,bb30a915-b989-4305-b88f-089f72d2efdd,Asas Azuis,sac@asasazuis.com,(21) 91234-5678,380,AA5678,AA1234,14:15,16:45,TRANSLADO_AEREO
3ec45c5f-09b6-4d65-8628-284423358f0f,bb71c7a4-8c77-4adb-b0fb-683baceffee1,Voe Rápido,atendimento@voerápido.com.br,(31) 95678-1234,320,VR9876,VR4321,19:00,21:30,TRANSLADO_AEREO
c9ecc614-43e3-4cb1-8811-4409cec52087,bb7e6240-1acb-4e13-a8e8-f6714b6e1a5d,Horizonte,suporte@horizonte.com.br,(41) 96543-8765,395,HZ1122,HZ3344,06:30,09:00,TRANSLADO_AEREO
2911db2c-9857-460c-bcb5-bf97bffb1ee6,bb81cfe3-cec8-4ec6-a31a-642f05ddc545,Aero Brasil,contato@aerobrasil.com,(51) 97890-1234,310,AB7788,AB9900,11:45,14:15,TRANSLADO_AEREO
e350b773-28f7-441e-be95-d9aacb8fd037,bc117179-9ceb-4779-a50a-25bc1bcf38bc,FlyExpress,contato@flyexpress.com.br,(11) 98765-4321,350,EX1234,EX5678,08:00,10:30,TRANSLADO_AEREO
a0991552-b823-4a47-b6af-1233d7623460,bd5980ed-ce94-4507-9b47-85268de413e7,Asas Azuis,sac@asasazuis.com,(21) 91234-5678,380,AA5678,AA1234,14:15,16:45,TRANSLADO_AEREO
5485ffd8-c877-4886-9351-11fbb96146ce,bdf4dce9-d123-4ad4-9f55-8a8903588fc1,Voe Rápido,atendimento@voerápido.com.br,(31) 95678-1234,320,VR9876,VR4321,19:00,21:30,TRANSLADO_AEREO
bf3036da-3b09-4ea3-ba63-211f919dc0a0,be52f4e5-10a7-46cc-95b9-8795665c57a7,Horizonte,suporte@horizonte.com.br,(41) 96543-8765,395,HZ1122,HZ3344,06:30,09:00,TRANSLADO_AEREO
822f0ba5-0ed4-48d8-a2db-a21ebd56f91b,be5612b0-fd45-470c-8c95-6cd705d6fa6a,Aero Brasil,contato@aerobrasil.com,(51) 97890-1234,310,AB7788,AB9900,11:45,14:15,TRANSLADO_AEREO
76022227-549e-412b-9b6d-ccf88178c9b8,be727c6b-85cd-467a-8e64-b803a2b69ffe,FlyExpress,contato@flyexpress.com.br,(11) 98765-4321,350,EX1234,EX5678,08:00,10:30,TRANSLADO_AEREO
bfdbd24c-eb81-496f-87ef-e390e9be2d11,bf9025f5-3c32-426f-8d9c-c3672f92d5d6,Asas Azuis,sac@asasazuis.com,(21) 91234-5678,380,AA5678,AA1234,14:15,16:45,TRANSLADO_AEREO
689db5b2-88d3-4b87-a895-2ccaafe6e6f6,bf99a866-c4cd-418c-bc20-1a6a3c5f1071,Voe Rápido,atendimento@voerápido.com.br,(31) 95678-1234,320,VR9876,VR4321,19:00,21:30,TRANSLADO_AEREO
56078123-d9a2-416f-a994-e64d7e5711a7,c07ba4d0-6c01-4b5b-bab7-5b3bf2d2aa24,Horizonte,suporte@horizonte.com.br,(41) 96543-8765,395,HZ1122,HZ3344,06:30,09:00,TRANSLADO_AEREO
4a892f15-f013-46bc-84a4-4c27195e416b,c0db4ecf-462f-4e10-99fe-8015d81e69e4,Aero Brasil,contato@aerobrasil.com,(51) 97890-1234,310,AB7788,AB9900,11:45,14:15,TRANSLADO_AEREO
f4b12b28-0ab0-442b-bcef-6537d8e2ec67,c1c88b25-77ad-4fbb-9275-59cf4d7d0cb7,FlyExpress,contato@flyexpress.com.br,(11) 98765-4321,350,EX1234,EX5678,08:00,10:30,TRANSLADO_AEREO
6e973499-a351-44b6-8ef6-08dea62b21e0,c1d433cd-4f0c-496a-88d3-dcf4fefb50b8,Asas Azuis,sac@asasazuis.com,(21) 91234-5678,380,AA5678,AA1234,14:15,16:45,TRANSLADO_AEREO
86344ea7-30ce-443a-96f3-b5ef69689e98,c1ee437d-7535-49f4-af14-0db3bffcfd20,Voe Rápido,atendimento@voerápido.com.br,(31) 95678-1234,320,VR9876,VR4321,19:00,21:30,TRANSLADO_AEREO
b22f30c4-88e7-4ce0-8589-bf5ab928f3ed,c2048aa2-ad8d-4a21-83df-451b32fac844,Horizonte,suporte@horizonte.com.br,(41) 96543-8765,395,HZ1122,HZ3344,06:30,09:00,TRANSLADO_AEREO
13de6b99-60f1-4150-9cd3-5c3ed2d7299f,c21a587e-95f2-45e4-8766-66bfc0afc683,Aero Brasil,contato@aerobrasil.com,(51) 97890-1234,310,AB7788,AB9900,11:45,14:15,TRANSLADO_AEREO
d4003774-bbed-47f2-a927-416d69a3da0c,c2210bf0-16a7-4998-ae5b-880f781a1c7f,FlyExpress,contato@flyexpress.com.br,(11) 98765-4321,350,EX1234,EX5678,08:00,10:30,TRANSLADO_AEREO
9c6d84e5-66af-4261-bbdc-dedf7aa5331a,c2de9a19-449c-46ac-a030-38563b685ea2,Asas Azuis,sac@asasazuis.com,(21) 91234-5678,380,AA5678,AA1234,14:15,16:45,TRANSLADO_AEREO
48d7b9dd-384e-4db8-9692-a089dc9fdc82,c2ee9d28-e664-4456-b6e5-7eba91434083,Voe Rápido,atendimento@voerápido.com.br,(31) 95678-1234,320,VR9876,VR4321,19:00,21:30,TRANSLADO_AEREO
d6ed5ceb-a5ab-4008-8adf-5e66dfe82c76,c2f82865-e95f-492b-863d-6a525fbb5cc0,Horizonte,suporte@horizonte.com.br,(41) 96543-8765,395,HZ1122,HZ3344,06:30,09:00,TRANSLADO_AEREO
1803fc48-8f42-4d7f-8635-591a84d6c7ec,c3af24f4-bb4b-445d-8a68-58709132c921,Aero Brasil,contato@aerobrasil.com,(51) 97890-1234,310,AB7788,AB9900,11:45,14:15,TRANSLADO_AEREO
710062eb-c162-49b4-b82f-f608d3bc40b0,c3ea1496-348b-4554-92c8-496447fd3b6b,FlyExpress,contato@flyexpress.com.br,(11) 98765-4321,350,EX1234,EX5678,08:00,10:30,TRANSLADO_AEREO
8f6e2601-3322-4e32-ba1b-b155b38eeee5,c44c3ac7-d0c2-4758-af03-0e0a6dbfb57b,Asas Azuis,sac@asasazuis.com,(21) 91234-5678,380,AA5678,AA1234,14:15,16:45,TRANSLADO_AEREO
b4ca2df4-972c-47af-b357-333257e84452,c500c994-e6c3-421a-9e44-9bca38ef9e11,Voe Rápido,atendimento@voerápido.com.br,(31) 95678-1234,320,VR9876,VR4321,19:00,21:30,TRANSLADO_AEREO
530cc50e-daa3-4107-a6b5-2360e9e85854,c530cdd8-8be8-468b-84e2-dd1af02b04c2,Horizonte,suporte@horizonte.com.br,(41) 96543-8765,395,HZ1122,HZ3344,06:30,09:00,TRANSLADO_AEREO
5fe51c0e-8486-4ed0-8b3b-54a8b62d935b,c534d96d-4194-44e0-83da-1dd98970ba8c,Aero Brasil,contato@aerobrasil.com,(51) 97890-1234,310,AB7788,AB9900,11:45,14:15,TRANSLADO_AEREO
61d6aa80-29ab-47be-b561-5b78cb5d9bf1,c56c9b84-c83d-4cec-8781-488d97af483d,FlyExpress,contato@flyexpress.com.br,(11) 98765-4321,350,EX1234,EX5678,08:00,10:30,TRANSLADO_AEREO
d9bebfd7-899a-4a4d-a1db-1858796717e4,c5da239b-188e-4cf6-aa30-4f57959345d4,Asas Azuis,sac@asasazuis.com,(21) 91234-5678,380,AA5678,AA1234,14:15,16:45,TRANSLADO_AEREO
ec959598-d28f-411d-a51e-2ba59625302a,c75c5818-9c6c-4a52-ac75-a90c8c8d7222,Voe Rápido,atendimento@voerápido.com.br,(31) 95678-1234,320,VR9876,VR4321,19:00,21:30,TRANSLADO_AEREO
dba85c2f-5d86-4d1a-96e8-5efcefcb9b1e,c7c0b720-6f17-4697-b97c-3bee74c5a94e,Horizonte,suporte@horizonte.com.br,(41) 96543-8765,395,HZ1122,HZ3344,06:30,09:00,TRANSLADO_AEREO
463f957b-701e-49c7-a106-39ae1e49c713,c8e23ff3-6f9e-4e01-9ca4-290e6d9b31de,Aero Brasil,contato@aerobrasil.com,(51) 97890-1234,310,AB7788,AB9900,11:45,14:15,TRANSLADO_AEREO
e224fb43-297f-42dd-96ed-22164c0bc946,c8f955d0-f876-4097-a285-2fa70eaf0ea6,FlyExpress,contato@flyexpress.com.br,(11) 98765-4321,350,EX1234,EX5678,08:00,10:30,TRANSLADO_AEREO
8aed3761-4458-4fd8-9296-691651ae2172,c9ab9c9a-7464-4409-8847-7f726da36f93,Asas Azuis,sac@asasazuis.com,(21) 91234-5678,380,AA5678,AA1234,14:15,16:45,TRANSLADO_AEREO
8e4c9be7-a3b1-4ced-a60a-37a60816ec3a,cb8760d6-5c81-49dd-a63f-ec6543a66c7a,Voe Rápido,atendimento@voerápido.com.br,(31) 95678-1234,320,VR9876,VR4321,19:00,21:30,TRANSLADO_AEREO
7b33afcb-bc31-482c-ac21-c4615360354e,cb8f51b0-487c-4c36-9faa-f1c4b1255585,Horizonte,suporte@horizonte.com.br,(41) 96543-8765,395,HZ1122,HZ3344,06:30,09:00,TRANSLADO_AEREO
e736d406-069e-456a-8012-076bba720405,cba617fb-8abb-4103-a4a1-03fd506fb198,Aero Brasil,contato@aerobrasil.com,(51) 97890-1234,310,AB7788,AB9900,11:45,14:15,TRANSLADO_AEREO
d877ccc6-f779-4193-af2b-5bf30a3ab580,cc033755-05ee-45f9-8ae1-d5fde82e3122,FlyExpress,contato@flyexpress.com.br,(11) 98765-4321,350,EX1234,EX5678,08:00,10:30,TRANSLADO_AEREO
965a5256-3b8f-41c5-b118-cb09f6cdcb61,ccad3244-6162-46cb-8b4b-a7b003503f2a,Asas Azuis,sac@asasazuis.com,(21) 91234-5678,380,AA5678,AA1234,14:15,16:45,TRANSLADO_AEREO
023c2793-a4c0-4e23-b6b2-9da171fb74da,ccb444d9-8663-489f-ba95-2b813a940105,Voe Rápido,atendimento@voerápido.com.br,(31) 95678-1234,320,VR9876,VR4321,19:00,21:30,TRANSLADO_AEREO
59cb79f3-316d-4f72-a842-418d933f391a,cd40d3c8-4eb7-4359-a431-5ea8339570c7,Horizonte,suporte@horizonte.com.br,(41) 96543-8765,395,HZ1122,HZ3344,06:30,09:00,TRANSLADO_AEREO
84382499-f1d6-44d6-93f6-dd03fa9b892a,ce507a91-29c9-42a9-b0d2-ba0a3295cea8,Aero Brasil,contato@aerobrasil.com,(51) 97890-1234,310,AB7788,AB9900,11:45,14:15,TRANSLADO_AEREO
2aaa6fea-ae74-4583-acc7-bca81731f840,ce5bffad-2433-48c3-89bc-9bb8df9df849,FlyExpress,contato@flyexpress.com.br,(11) 98765-4321,350,EX1234,EX5678,08:00,10:30,TRANSLADO_AEREO
d481e166-8f7c-4777-9eee-a3dffbe2afdb,ce824949-aa30-4202-a57d-6cd262a79e81,Asas Azuis,sac@asasazuis.com,(21) 91234-5678,380,AA5678,AA1234,14:15,16:45,TRANSLADO_AEREO
c8c8f230-37a9-4498-8721-882cd56b40bd,ce9a1136-7827-45b3-8470-582db4ab3b59,Voe Rápido,atendimento@voerápido.com.br,(31) 95678-1234,320,VR9876,VR4321,19:00,21:30,TRANSLADO_AEREO
7f809568-9f7c-4466-bd5b-1a4a27cd56e4,ceb8b585-885f-433d-98da-64d0e1b3ccd8,Horizonte,suporte@horizonte.com.br,(41) 96543-8765,395,HZ1122,HZ3344,06:30,09:00,TRANSLADO_AEREO
37614237-4821-4881-8ed3-c20947a0afc7,cedea860-8313-4991-82e2-72454e5abac7,Aero Brasil,contato@aerobrasil.com,(51) 97890-1234,310,AB7788,AB9900,11:45,14:15,TRANSLADO_AEREO
5d1a93e6-68c9-40c9-8fb1-18bed11a108f,cfe0860f-d871-47d4-8e50-1bf433d8de64,FlyExpress,contato@flyexpress.com.br,(11) 98765-4321,350,EX1234,EX5678,08:00,10:30,TRANSLADO_AEREO
2103a74b-68f7-42c5-8954-72f347d7ca16,d014c381-79ea-4d73-93b2-0ec973fa76c4,Asas Azuis,sac@asasazuis.com,(21) 91234-5678,380,AA5678,AA1234,14:15,16:45,TRANSLADO_AEREO
69503d5c-5074-40a8-804f-785452f7dcfa,d01aa12a-878c-4957-9d02-f90edf825c9b,Voe Rápido,atendimento@voerápido.com.br,(31) 95678-1234,320,VR9876,VR4321,19:00,21:30,TRANSLADO_AEREO
f399f7eb-d6ee-47cf-af3f-bc94c2de7a13,d0cc9215-6553-4aa7-beb9-108d88378e4f,Horizonte,suporte@horizonte.com.br,(41) 96543-8765,395,HZ1122,HZ3344,06:30,09:00,TRANSLADO_AEREO
7e261088-ac8a-4e66-84b9-49620b6ce79f,d0ec4660-f640-4cdf-94e4-83cb19fcb5b4,Aero Brasil,contato@aerobrasil.com,(51) 97890-1234,310,AB7788,AB9900,11:45,14:15,TRANSLADO_AEREO
49a349d6-3cfe-4824-9469-faf8ae8eee85,d13bf0aa-e688-414e-aafc-109dc6132c23,FlyExpress,contato@flyexpress.com.br,(11) 98765-4321,350,EX1234,EX5678,08:00,10:30,TRANSLADO_AEREO
6f2b0c9d-22ab-4798-a851-628299392c61,d17b47f9-d4bc-44dd-98d8-b4d3e9e72f84,Asas Azuis,sac@asasazuis.com,(21) 91234-5678,380,AA5678,AA1234,14:15,16:45,TRANSLADO_AEREO
16e76d73-a941-4c1f-a9c9-b888db40ac7d,d2dd27be-5010-454e-ade3-4d7550ea5eb2,Voe Rápido,atendimento@voerápido.com.br,(31) 95678-1234,320,VR9876,VR4321,19:00,21:30,TRANSLADO_AEREO
74b0604e-4ad8-488e-86b7-50b098337a69,d3f31bfd-4277-4ac0-9b36-cd4588ba4403,Horizonte,suporte@horizonte.com.br,(41) 96543-8765,395,HZ1122,HZ3344,06:30,09:00,TRANSLADO_AEREO
4b3179a2-73e8-41ea-a277-60204c47cfb7,d450cf00-0c20-48c7-8369-9aeffa69f935,Aero Brasil,contato@aerobrasil.com,(51) 97890-1234,310,AB7788,AB9900,11:45,14:15,TRANSLADO_AEREO
feed8be9-5119-4bb5-a094-162f216a683e,d4861f4c-b157-489a-ad58-6a040aafbd95,FlyExpress,contato@flyexpress.com.br,(11) 98765-4321,350,EX1234,EX5678,08:00,10:30,TRANSLADO_AEREO
dbbdb78f-c6ab-4967-9737-3210aa0857c6,d4866359-025e-4df1-b9d5-6d73b6766035,Asas Azuis,sac@asasazuis.com,(21) 91234-5678,380,AA5678,AA1234,14:15,16:45,TRANSLADO_AEREO
4fd75ec9-9149-4270-8e61-b81aa286771c,d4e3ff99-8331-4ad3-acba-2f0076c34b96,Voe Rápido,atendimento@voerápido.com.br,(31) 95678-1234,320,VR9876,VR4321,19:00,21:30,TRANSLADO_AEREO
01b9d1ab-5297-4908-a549-85670d5e3efe,d56e4749-7d57-44c1-a628-b29f48e84e90,Horizonte,suporte@horizonte.com.br,(41) 96543-8765,395,HZ1122,HZ3344,06:30,09:00,TRANSLADO_AEREO
53bae9e0-ccb1-4d41-afa4-454d9926b564,d5b16c5e-152e-4636-a055-52a327b5f0b5,Aero Brasil,contato@aerobrasil.com,(51) 97890-1234,310,AB7788,AB9900,11:45,14:15,TRANSLADO_AEREO
2294155c-8b5e-41ad-928b-589fed9b9c60,d5b78859-26bd-4059-ab4f-19785beb563c,FlyExpress,contato@flyexpress.com.br,(11) 98765-4321,350,EX1234,EX5678,08:00,10:30,TRANSLADO_AEREO
72367228-8c60-4f14-b084-67a31a230c99,d5d264a8-66cf-4eaf-994a-82249074e5cc,Asas Azuis,sac@asasazuis.com,(21) 91234-5678,380,AA5678,AA1234,14:15,16:45,TRANSLADO_AEREO
b5798abd-985f-43d1-aaa1-6e1541497513,d5d6dab9-9ce5-460d-9a95-48c558263634,Voe Rápido,atendimento@voerápido.com.br,(31) 95678-1234,320,VR9876,VR4321,19:00,21:30,TRANSLADO_AEREO
67f23032-3201-4775-9871-88b6db5c6e72,d5e8af18-40eb-494b-a301-95b0a667cfd6,Horizonte,suporte@horizonte.com.br,(41) 96543-8765,395,HZ1122,HZ3344,06:30,09:00,TRANSLADO_AEREO
c61f9e70-085b-430d-8a43-835c82a152a1,d69925a0-879b-4883-80fb-802b1704d3f0,Aero Brasil,contato@aerobrasil.com,(51) 97890-1234,310,AB7788,AB9900,11:45,14:15,TRANSLADO_AEREO
09d313b3-1bd6-4758-8ab2-507676c1235f,d6c40aa2-ef39-46a5-a3fa-b4c16050a7fe,FlyExpress,contato@flyexpress.com.br,(11) 98765-4321,350,EX1234,EX5678,08:00,10:30,TRANSLADO_AEREO
065949fb-6f79-47f7-8d36-e6e13d6d4453,d6c8f57e-d026-40f6-8868-c70f9044083a,Asas Azuis,sac@asasazuis.com,(21) 91234-5678,380,AA5678,AA1234,14:15,16:45,TRANSLADO_AEREO
04eef7b0-c3c9-4e02-a402-056505e079bf,d7023ed7-9cf8-4289-a5c0-964cdc5fa318,Voe Rápido,atendimento@voerápido.com.br,(31) 95678-1234,320,VR9876,VR4321,19:00,21:30,TRANSLADO_AEREO
9da9e820-e4f5-4a8e-95e8-8d043031bd37,d85b82c1-e5f4-4e3c-ae41-3c9263dd00e0,Horizonte,suporte@horizonte.com.br,(41) 96543-8765,395,HZ1122,HZ3344,06:30,09:00,TRANSLADO_AEREO
10e4078f-723e-472a-afdd-3097b9aedd7c,d85d04df-87da-4931-902a-86cc303334d0,Aero Brasil,contato@aerobrasil.com,(51) 97890-1234,310,AB7788,AB9900,11:45,14:15,TRANSLADO_AEREO
b4033a9c-a99a-4b1a-ad26-ad53a033cf7e,d87630fa-d0c6-4859-b0ae-3b16db3fa178,FlyExpress,contato@flyexpress.com.br,(11) 98765-4321,350,EX1234,EX5678,08:00,10:30,TRANSLADO_AEREO
3dd3b73f-4d8f-4c96-a2d2-a7bace79e836,d90a09ee-8bf3-4a43-8be8-3759adf6e42f,Asas Azuis,sac@asasazuis.com,(21) 91234-5678,380,AA5678,AA1234,14:15,16:45,TRANSLADO_AEREO
aa11218c-3b90-4481-a8c6-7fd3fa057bfd,d925f532-04a7-40e0-b778-ffafbf4ab22d,Voe Rápido,atendimento@voerápido.com.br,(31) 95678-1234,320,VR9876,VR4321,19:00,21:30,TRANSLADO_AEREO
863b8005-79cb-4a90-85bf-7e16edcbe5b1,d97b2dc2-6cb7-4f36-b6c7-490de4dc02e3,Horizonte,suporte@horizonte.com.br,(41) 96543-8765,395,HZ1122,HZ3344,06:30,09:00,TRANSLADO_AEREO
72aa6d46-f1eb-48a1-a3fd-ac040a88dd23,d98c5605-9f8b-4f33-856f-f81cb8bf2176,Aero Brasil,contato@aerobrasil.com,(51) 97890-1234,310,AB7788,AB9900,11:45,14:15,TRANSLADO_AEREO
6087a7b6-8944-4bec-bd33-79c1722208a7,d9c1f549-8862-4ec2-bb92-4d1b04b44ced,FlyExpress,contato@flyexpress.com.br,(11) 98765-4321,350,EX1234,EX5678,08:00,10:30,TRANSLADO_AEREO
89724cf4-b60d-49d7-bb5c-0e29003d08b6,da1ce1a0-f6ef-41bb-b28f-71db2e4978ff,Asas Azuis,sac@asasazuis.com,(21) 91234-5678,380,AA5678,AA1234,14:15,16:45,TRANSLADO_AEREO
27b1e65d-ed32-472f-ae6d-af1dea544477,da6c860a-237e-4d36-b8d7-41728e94fdf5,Voe Rápido,atendimento@voerápido.com.br,(31) 95678-1234,320,VR9876,VR4321,19:00,21:30,TRANSLADO_AEREO
1f031cc4-0324-4956-969e-c330e4a1f5df,db3fcdc9-fc97-4d5d-88ac-4cdd037917d0,Horizonte,suporte@horizonte.com.br,(41) 96543-8765,395,HZ1122,HZ3344,06:30,09:00,TRANSLADO_AEREO
1db887a9-0efa-426a-8faf-4fd10c13a67b,db8db476-53ea-4b8b-84df-f877984ab5b4,Aero Brasil,contato@aerobrasil.com,(51) 97890-1234,310,AB7788,AB9900,11:45,14:15,TRANSLADO_AEREO
5f8d90f8-e77a-4944-85bb-79404702335d,dbbb81c4-ccd5-4b81-b6da-809e5e559120,FlyExpress,contato@flyexpress.com.br,(11) 98765-4321,350,EX1234,EX5678,08:00,10:30,TRANSLADO_AEREO
10abc47f-26c8-4705-91f1-93a84e4c9a27,dbbbccfe-7def-4393-8e7d-75b3fb7fcc19,Asas Azuis,sac@asasazuis.com,(21) 91234-5678,380,AA5678,AA1234,14:15,16:45,TRANSLADO_AEREO
74215355-5dca-4f53-9c3e-41eb24c46f9b,dc095425-8f3a-4333-b3b4-ad971af4d0fd,Voe Rápido,atendimento@voerápido.com.br,(31) 95678-1234,320,VR9876,VR4321,19:00,21:30,TRANSLADO_AEREO
d67a4ffb-e11a-42a0-aa42-586e8f2210d5,dc11827a-6a80-4dd4-9c42-0d044aae80b9,Horizonte,suporte@horizonte.com.br,(41) 96543-8765,395,HZ1122,HZ3344,06:30,09:00,TRANSLADO_AEREO
3e920211-90b3-471c-8f40-aaa652ece51d,dc1334ec-b97f-4e9e-9ec4-e6e2fffd3c4c,Aero Brasil,contato@aerobrasil.com,(51) 97890-1234,310,AB7788,AB9900,11:45,14:15,TRANSLADO_AEREO
2813cd64-7620-4ea6-8a79-80ee6200e45c,dd513a22-b708-426b-b281-914325f095b1,FlyExpress,contato@flyexpress.com.br,(11) 98765-4321,350,EX1234,EX5678,08:00,10:30,TRANSLADO_AEREO
658dabeb-f809-4a71-a8a2-58747e116646,dd619b56-768c-4fe6-a29e-0491a6a2d0a4,Asas Azuis,sac@asasazuis.com,(21) 91234-5678,380,AA5678,AA1234,14:15,16:45,TRANSLADO_AEREO
00421cd7-3512-420b-b3bd-f53345fa90ac,dd962243-fdd5-4aa3-bb0f-5a7f56c7e4bd,Voe Rápido,atendimento@voerápido.com.br,(31) 95678-1234,320,VR9876,VR4321,19:00,21:30,TRANSLADO_AEREO
f76afc79-8225-4f48-a64b-18a68ddf3697,ddad6d7d-c466-4d36-8456-8d4c6ece2160,Horizonte,suporte@horizonte.com.br,(41) 96543-8765,395,HZ1122,HZ3344,06:30,09:00,TRANSLADO_AEREO
6bf9090e-106f-456a-91f5-d1f00d58f0c3,ddf23878-33e3-44b4-89d0-9e103d917628,Aero Brasil,contato@aerobrasil.com,(51) 97890-1234,310,AB7788,AB9900,11:45,14:15,TRANSLADO_AEREO
f95e0c68-e433-4fb7-8b8a-7abd82f1e987,de3f63ff-2673-40e7-b76e-4f19f49b0a62,FlyExpress,contato@flyexpress.com.br,(11) 98765-4321,350,EX1234,EX5678,08:00,10:30,TRANSLADO_AEREO
da321962-2c47-497d-8e1d-a1f85e0d3d09,de7bceed-860d-47d4-95b4-1440f154255f,Asas Azuis,sac@asasazuis.com,(21) 91234-5678,380,AA5678,AA1234,14:15,16:45,TRANSLADO_AEREO
73b9f0ec-01da-46ad-be3e-d5025f4a8938,decd6840-e00c-4f9b-9b84-2fcc4f853f80,Voe Rápido,atendimento@voerápido.com.br,(31) 95678-1234,320,VR9876,VR4321,19:00,21:30,TRANSLADO_AEREO
a90fc7e8-37f7-4b38-9a2d-534d32472926,deecd905-3f36-4553-b3cc-bd1ed72b7eb4,Horizonte,suporte@horizonte.com.br,(41) 96543-8765,395,HZ1122,HZ3344,06:30,09:00,TRANSLADO_AEREO
7a91c9c4-a3f1-4ef8-88d7-9e0ad7b549d6,deeeabbf-9ae5-442c-939c-bbd5c546b223,Aero Brasil,contato@aerobrasil.com,(51) 97890-1234,310,AB7788,AB9900,11:45,14:15,TRANSLADO_AEREO
7a06a838-f756-4f47-a73c-5fb6b76cec4a,e08387cb-9fc4-468f-8859-b9c966583fd5,FlyExpress,contato@flyexpress.com.br,(11) 98765-4321,350,EX1234,EX5678,08:00,10:30,TRANSLADO_AEREO
f4611ab1-d56c-43c7-85a0-48523c2a67a2,e0b6c427-2f38-4c5e-b1f1-271e951ccfdb,Asas Azuis,sac@asasazuis.com,(21) 91234-5678,380,AA5678,AA1234,14:15,16:45,TRANSLADO_AEREO
98292f58-104d-433e-bc5f-bb57202b5450,e0d2fdfb-34e4-466f-ad13-39885d84a389,Voe Rápido,atendimento@voerápido.com.br,(31) 95678-1234,320,VR9876,VR4321,19:00,21:30,TRANSLADO_AEREO
62428b9d-bb21-4fc1-89c8-00fe091de3b0,e1937edc-e9ab-42b4-a165-e626c792577c,Horizonte,suporte@horizonte.com.br,(41) 96543-8765,395,HZ1122,HZ3344,06:30,09:00,TRANSLADO_AEREO
1c926e3b-3ec4-4927-9ba9-510e41cf0969,e1bf55ed-9a99-497a-bf94-0a32fc627330,Aero Brasil,contato@aerobrasil.com,(51) 97890-1234,310,AB7788,AB9900,11:45,14:15,TRANSLADO_AEREO
03ba272c-730f-422d-aef7-74a61538bf07,e27980ec-a3b7-4402-a647-f92fcbf4b707,FlyExpress,contato@flyexpress.com.br,(11) 98765-4321,350,EX1234,EX5678,08:00,10:30,TRANSLADO_AEREO
4027bdef-9024-42c8-bfcb-eddfce7677da,e294c8f1-33d6-46d5-8fa3-d565c652bea9,Asas Azuis,sac@asasazuis.com,(21) 91234-5678,380,AA5678,AA1234,14:15,16:45,TRANSLADO_AEREO
cae44d4b-f757-4f81-ac0b-3b35d7062930,e3af6a15-52ce-469b-9a47-39974b63e994,Voe Rápido,atendimento@voerápido.com.br,(31) 95678-1234,320,VR9876,VR4321,19:00,21:30,TRANSLADO_AEREO
f2566af1-4e00-46be-bf03-a39566bdab9c,e3ce0671-dfb1-47e8-acfd-dde9fde113b8,Horizonte,suporte@horizonte.com.br,(41) 96543-8765,395,HZ1122,HZ3344,06:30,09:00,TRANSLADO_AEREO
2f164702-9264-4cec-a499-fecd58345955,e3ea44aa-8451-4877-bce3-7cd26030813d,Aero Brasil,contato@aerobrasil.com,(51) 97890-1234,310,AB7788,AB9900,11:45,14:15,TRANSLADO_AEREO
a4230cf5-cd71-4941-8b7d-bc2177fe02e4,e3ea841a-f7f2-479b-8d2f-ad4f95fb535c,FlyExpress,contato@flyexpress.com.br,(11) 98765-4321,350,EX1234,EX5678,08:00,10:30,TRANSLADO_AEREO
c8af9258-8863-4f1b-9a59-d99e73de4f57,e4688c94-9afd-4b47-b262-5954c2eaecfd,Asas Azuis,sac@asasazuis.com,(21) 91234-5678,380,AA5678,AA1234,14:15,16:45,TRANSLADO_AEREO
bee6235f-872a-4727-a0b8-8dda869d3694,e4c04acd-ec50-4993-9af2-b1552d4cfbba,Voe Rápido,atendimento@voerápido.com.br,(31) 95678-1234,320,VR9876,VR4321,19:00,21:30,TRANSLADO_AEREO
d967a8fe-3418-4759-b7c8-9735347b903d,e568122d-8767-4b67-bb26-19b28cc87f71,Horizonte,suporte@horizonte.com.br,(41) 96543-8765,395,HZ1122,HZ3344,06:30,09:00,TRANSLADO_AEREO
a56ad79b-ebc3-40e2-bc56-c1cd4d47997c,e6236225-53da-462a-beb7-336cbef21054,Aero Brasil,contato@aerobrasil.com,(51) 97890-1234,310,AB7788,AB9900,11:45,14:15,TRANSLADO_AEREO
a7c12e86-621c-4543-96f9-440c1c3e7fe5,e70e6ac9-ec92-4e85-aeab-968d7b2038dc,FlyExpress,contato@flyexpress.com.br,(11) 98765-4321,350,EX1234,EX5678,08:00,10:30,TRANSLADO_AEREO
eefe6433-8717-4bc2-8047-a0206c3b0f7e,e743073c-0f68-4fc9-8319-742286054806,Asas Azuis,sac@asasazuis.com,(21) 91234-5678,380,AA5678,AA1234,14:15,16:45,TRANSLADO_AEREO
e386d8f3-3a54-4a13-b29b-a19f367759bc,e7a4aa16-8567-45fd-bf7a-c02d734e2487,Voe Rápido,atendimento@voerápido.com.br,(31) 95678-1234,320,VR9876,VR4321,19:00,21:30,TRANSLADO_AEREO
c1e795cc-3e00-4fb5-bcd2-a940d628fe01,e7d32baf-0bad-49cd-9bb1-cef9de4123a2,Horizonte,suporte@horizonte.com.br,(41) 96543-8765,395,HZ1122,HZ3344,06:30,09:00,TRANSLADO_AEREO
f7e8d882-31a7-494c-8093-40017b5cb82a,e7e37b04-917a-4bb8-88fa-a3e6c2c974dd,Aero Brasil,contato@aerobrasil.com,(51) 97890-1234,310,AB7788,AB9900,11:45,14:15,TRANSLADO_AEREO
bd6b8407-11fb-44b4-bce5-73cff4ebb835,e8200302-3ba6-48f7-8ee6-6771709f47af,FlyExpress,contato@flyexpress.com.br,(11) 98765-4321,350,EX1234,EX5678,08:00,10:30,TRANSLADO_AEREO
db5ac75e-dd60-45d1-ba63-2f6955c61619,e82f62f7-be7f-49af-b3c7-2f4ce91a2632,Asas Azuis,sac@asasazuis.com,(21) 91234-5678,380,AA5678,AA1234,14:15,16:45,TRANSLADO_AEREO
bdadfff2-a10e-4d71-bb39-4e4aaf3d06d7,e8813301-e511-44a7-93d9-ab751f049a54,Voe Rápido,atendimento@voerápido.com.br,(31) 95678-1234,320,VR9876,VR4321,19:00,21:30,TRANSLADO_AEREO
f7addc5c-825d-4b6a-9046-3fccf54e0888,e8c7ba6d-025e-44e4-ad3b-d1be3a3aa04c,Horizonte,suporte@horizonte.com.br,(41) 96543-8765,395,HZ1122,HZ3344,06:30,09:00,TRANSLADO_AEREO
b25b6e42-cba9-4882-8c43-7a789d2bf9b9,e8da3df3-026f-4717-9dcc-af67d0744bf6,Aero Brasil,contato@aerobrasil.com,(51) 97890-1234,310,AB7788,AB9900,11:45,14:15,TRANSLADO_AEREO
59370c12-0c7c-42b0-b18a-55b6e2eafe5d,e9074260-1bc7-4aa8-b304-b1365683045a,FlyExpress,contato@flyexpress.com.br,(11) 98765-4321,350,EX1234,EX5678,08:00,10:30,TRANSLADO_AEREO
778bb06d-35bc-41d5-889c-aafcbe8f94ca,e9423c87-ece4-4e18-96ee-68cf5dcbf536,Asas Azuis,sac@asasazuis.com,(21) 91234-5678,380,AA5678,AA1234,14:15,16:45,TRANSLADO_AEREO
c8558d8a-2045-40ec-a836-5ce7e8cc2beb,e94c3bab-3251-40e9-9de6-a53ebc5cebcb,Voe Rápido,atendimento@voerápido.com.br,(31) 95678-1234,320,VR9876,VR4321,19:00,21:30,TRANSLADO_AEREO
0341dea4-fd66-4c83-a7bc-5b39bfff7a8c,e94f9903-eeb5-436d-a107-c544f411d365,Horizonte,suporte@horizonte.com.br,(41) 96543-8765,395,HZ1122,HZ3344,06:30,09:00,TRANSLADO_AEREO
043ef534-7499-4b45-b9b9-0e14258436cb,e9a70352-831c-4baa-8e04-ddbad7f99646,Aero Brasil,contato@aerobrasil.com,(51) 97890-1234,310,AB7788,AB9900,11:45,14:15,TRANSLADO_AEREO
f2deb2a8-22f5-4faf-a446-275d44d7db2f,ea71de15-bd21-49bd-bf06-7ea8010a9ded,FlyExpress,contato@flyexpress.com.br,(11) 98765-4321,350,EX1234,EX5678,08:00,10:30,TRANSLADO_AEREO
ee93aceb-34ca-40ab-8524-828968698525,ea9dd49f-0654-4eab-8493-78df3631ce2b,Asas Azuis,sac@asasazuis.com,(21) 91234-5678,380,AA5678,AA1234,14:15,16:45,TRANSLADO_AEREO
362f6065-4ecf-47eb-8fd4-041fdf738df4,ead777a0-961c-4e22-bfb6-2f86b987ab3b,Voe Rápido,atendimento@voerápido.com.br,(31) 95678-1234,320,VR9876,VR4321,19:00,21:30,TRANSLADO_AEREO
6bf9b326-4acf-4492-8167-0116d9898a9a,eb29c54b-64fd-45e9-9c20-00022329968c,Horizonte,suporte@horizonte.com.br,(41) 96543-8765,395,HZ1122,HZ3344,06:30,09:00,TRANSLADO_AEREO
d02d8eee-58e8-420c-baad-6a0e49b0e443,ec1ca0fc-0640-4fda-b593-b41db7398c92,Aero Brasil,contato@aerobrasil.com,(51) 97890-1234,310,AB7788,AB9900,11:45,14:15,TRANSLADO_AEREO
33ad640c-0a7c-4ab9-9b2d-2641e4c8d0a8,ed617726-ddcc-4787-80cf-d530bd6239f7,FlyExpress,contato@flyexpress.com.br,(11) 98765-4321,350,EX1234,EX5678,08:00,10:30,TRANSLADO_AEREO
0e46e447-4990-49b9-bd75-89b872d5a78d,ed98f42f-159b-4651-af57-841414c74aa3,Asas Azuis,sac@asasazuis.com,(21) 91234-5678,380,AA5678,AA1234,14:15,16:45,TRANSLADO_AEREO
ddfc1b84-63b0-4b27-992f-ddb4ef698b62,edd0e553-a31f-4d47-94a0-bd8bb9fb0b6f,Voe Rápido,atendimento@voerápido.com.br,(31) 95678-1234,320,VR9876,VR4321,19:00,21:30,TRANSLADO_AEREO
9c966bea-2ed0-424d-9ad3-cb25f476847a,ee15baab-e5d8-429c-bd89-f5861d0fc5ca,Horizonte,suporte@horizonte.com.br,(41) 96543-8765,395,HZ1122,HZ3344,06:30,09:00,TRANSLADO_AEREO
4cbe95e3-65e0-476c-877d-3153e2747b88,ee6fbdb3-9562-45b3-8d22-5dbd7470df5e,Aero Brasil,contato@aerobrasil.com,(51) 97890-1234,310,AB7788,AB9900,11:45,14:15,TRANSLADO_AEREO
f159f220-1af8-4812-9b00-ce10bda2b251,eeed5bce-e6c9-41bd-85dc-7c2fa14f90dc,FlyExpress,contato@flyexpress.com.br,(11) 98765-4321,350,EX1234,EX5678,08:00,10:30,TRANSLADO_AEREO
9654940c-3563-40aa-8f65-bd7b58eb3272,efb63e86-62c8-484a-b18b-c4d0aced6054,Asas Azuis,sac@asasazuis.com,(21) 91234-5678,380,AA5678,AA1234,14:15,16:45,TRANSLADO_AEREO
a89a51ab-c899-4d47-8ef0-dab6a04dc7ce,f02366f3-b19b-4596-a9c8-3f46cc1d675f,Voe Rápido,atendimento@voerápido.com.br,(31) 95678-1234,320,VR9876,VR4321,19:00,21:30,TRANSLADO_AEREO
a8e1cb4c-ea04-4fb0-8404-4ced6e1eb8fd,f03c373b-1c37-432f-a91a-133a50996886,Horizonte,suporte@horizonte.com.br,(41) 96543-8765,395,HZ1122,HZ3344,06:30,09:00,TRANSLADO_AEREO
bce0e05d-15a5-4a50-bd83-f5fb8f9225d7,f21b1bb5-17f5-4141-a8d6-f8d2026dafa6,Aero Brasil,contato@aerobrasil.com,(51) 97890-1234,310,AB7788,AB9900,11:45,14:15,TRANSLADO_AEREO
804a404a-10e6-4157-82f9-2484e084b24e,f3aa7368-cb08-4277-bb0c-69b0cdd6f0b7,FlyExpress,contato@flyexpress.com.br,(11) 98765-4321,350,EX1234,EX5678,08:00,10:30,TRANSLADO_AEREO
adb379dc-b367-432c-b13f-5e900c1e4028,f4a2b8ee-e5b2-4a20-9c60-d8d91c49a7b5,Asas Azuis,sac@asasazuis.com,(21) 91234-5678,380,AA5678,AA1234,14:15,16:45,TRANSLADO_AEREO
473dcf76-0984-4186-a7ff-9b6d774ca304,f4d3505a-856e-4a97-8ea4-a340d6a5e046,Voe Rápido,atendimento@voerápido.com.br,(31) 95678-1234,320,VR9876,VR4321,19:00,21:30,TRANSLADO_AEREO
70213f3a-e25e-4e59-966d-384824581b58,f4eb843c-542e-4737-b82a-2ab09a35b0bf,Horizonte,suporte@horizonte.com.br,(41) 96543-8765,395,HZ1122,HZ3344,06:30,09:00,TRANSLADO_AEREO
9aba2305-9402-4a02-b033-7af8ed0422ef,f58a435a-bda3-47e3-a34a-fba9391a4f33,Aero Brasil,contato@aerobrasil.com,(51) 97890-1234,310,AB7788,AB9900,11:45,14:15,TRANSLADO_AEREO
752e9516-8a30-495d-ac3c-7f85f544eaaa,f5cb496d-31b3-4a47-896e-1bf7abb23e35,FlyExpress,contato@flyexpress.com.br,(11) 98765-4321,350,EX1234,EX5678,08:00,10:30,TRANSLADO_AEREO
e6b5f16e-454c-4e6d-bee5-0e518b985360,f5f4e9fb-6ef7-463c-9f3b-8315a3d4caa8,Asas Azuis,sac@asasazuis.com,(21) 91234-5678,380,AA5678,AA1234,14:15,16:45,TRANSLADO_AEREO
843c14a2-700d-4230-b9a5-b80f16ed115d,f6a6039c-f8ee-457f-83f2-b5b0e1c78f9b,Voe Rápido,atendimento@voerápido.com.br,(31) 95678-1234,320,VR9876,VR4321,19:00,21:30,TRANSLADO_AEREO
1caf3a5c-e0e9-46ac-95b1-4409d8589208,f72c8c79-d49c-4c87-b814-b31f34880d14,Horizonte,suporte@horizonte.com.br,(41) 96543-8765,395,HZ1122,HZ3344,06:30,09:00,TRANSLADO_AEREO
2c01b780-7c4b-487c-9472-3de51e6a52bd,f755cb48-609e-4605-81f7-bd981c733aeb,Aero Brasil,contato@aerobrasil.com,(51) 97890-1234,310,AB7788,AB9900,11:45,14:15,TRANSLADO_AEREO
01b15a20-7b02-4f06-9cf4-f7944a3e4074,f897816c-42b7-483e-9154-a6034073e6eb,FlyExpress,contato@flyexpress.com.br,(11) 98765-4321,350,EX1234,EX5678,08:00,10:30,TRANSLADO_AEREO
089a74b8-3ac1-4538-bdeb-a39c9382d0ca,f8b3856b-6373-46ff-8637-4373596a58a6,Asas Azuis,sac@asasazuis.com,(21) 91234-5678,380,AA5678,AA1234,14:15,16:45,TRANSLADO_AEREO
63719f2b-5f9a-4d66-9153-1882cbad47ec,f9c93dc7-1d86-4cf5-8540-863be7160655,Voe Rápido,atendimento@voerápido.com.br,(31) 95678-1234,320,VR9876,VR4321,19:00,21:30,TRANSLADO_AEREO
545feef8-f441-46df-ae39-d66245de0a80,f9d18462-73c4-4fde-bb31-539d8e3bf0dd,Horizonte,suporte@horizonte.com.br,(41) 96543-8765,395,HZ1122,HZ3344,06:30,09:00,TRANSLADO_AEREO
f1c1d8fd-29a8-4972-b0f0-5f499f110f55,fa2d5248-f992-44b9-b9f3-fc4d576cba6e,Aero Brasil,contato@aerobrasil.com,(51) 97890-1234,310,AB7788,AB9900,11:45,14:15,TRANSLADO_AEREO
639f96ad-96f2-4a34-949a-3b245670cbb8,fb11bd2f-be1b-4b03-9da2-9a5830ba868f,FlyExpress,contato@flyexpress.com.br,(11) 98765-4321,350,EX1234,EX5678,08:00,10:30,TRANSLADO_AEREO
fbeed021-0cac-48db-b245-b90410b59151,fb1fea60-e635-45a5-9a6d-62c993a7c8d4,Asas Azuis,sac@asasazuis.com,(21) 91234-5678,380,AA5678,AA1234,14:15,16:45,TRANSLADO_AEREO
af44ec07-9631-4e49-a2fa-2c7407f4f655,fb7057ac-ca8b-434c-b0a9-754e97bdf9a9,Voe Rápido,atendimento@voerápido.com.br,(31) 95678-1234,320,VR9876,VR4321,19:00,21:30,TRANSLADO_AEREO
4ea952af-06be-4118-843e-35bd8c447c3f,fc286e52-2f6c-4ad2-8159-abb02d6a5e46,Horizonte,suporte@horizonte.com.br,(41) 96543-8765,395,HZ1122,HZ3344,06:30,09:00,TRANSLADO_AEREO
23258cf4-2e07-4f1f-8d32-c8ee2124bf70,fd4fc3fc-150e-4bee-928c-bf1405293d8e,Aero Brasil,contato@aerobrasil.com,(51) 97890-1234,310,AB7788,AB9900,11:45,14:15,TRANSLADO_AEREO
12f80f63-780c-457b-b633-e85cc5b6a83c,fd97016f-4590-48ff-ac25-895c1eaa3674,FlyExpress,contato@flyexpress.com.br,(11) 98765-4321,350,EX1234,EX5678,08:00,10:30,TRANSLADO_AEREO
c7534c14-cca2-4c7a-b5bd-e2b64959e646,fda38f9c-2460-476b-ba67-1d1f989d6314,Asas Azuis,sac@asasazuis.com,(21) 91234-5678,380,AA5678,AA1234,14:15,16:45,TRANSLADO_AEREO
56bef246-08dd-4eda-a29a-07be2e0b1389,fdde4c3e-4576-4bf2-96e7-d28965810dac,Voe Rápido,atendimento@voerápido.com.br,(31) 95678-1234,320,VR9876,VR4321,19:00,21:30,TRANSLADO_AEREO
63b0ed07-397a-4d8e-b127-fa5d1ac44042,fee7d1c2-abac-455c-82fe-45eeb4d82a52,Horizonte,suporte@horizonte.com.br,(41) 96543-8765,395,HZ1122,HZ3344,06:30,09:00,TRANSLADO_AEREO
e3cfbc89-3fa2-4fd4-930f-fa18a36997f4,ff891e9c-6cd8-4d86-a11f-d890e87adae3,Aero Brasil,contato@aerobrasil.com,(51) 97890-1234,310,AB7788,AB9900,11:45,14:15,TRANSLADO_AEREO
